,created_at,id,conversation_id,author_id,lang,public_metrics,source,reply_settings,text,in_reply_to_user_id,referenced_tweets
0,2022-02-19T06:00:26.000Z,1494914753772376065,1494914753772376065,6433472,en,"{'retweet_count': 17, 'reply_count': 27, 'like_count': 68, 'quote_count': 1}",Buffer,everyone,"After a spike in scams against seniors, Niagara police call on Canadian banks to do more to protect consumers. https://t.co/Ic1hbXp6FA",,
1,2022-02-11T16:30:18.000Z,1492174161455812614,1492174161455812614,6433472,en,"{'retweet_count': 43, 'reply_count': 33, 'like_count': 99, 'quote_count': 12}",Buffer,everyone,"More than 16,000 residents of long-term care homes have died in Canada because of the pandemic.
A national standards association is calling for profound changes to the way such facilities are run. https://t.co/9G7DCAzD7E",,
2,2022-01-28T06:00:27.000Z,1486942226185871360,1486942226185871360,6433472,en,"{'retweet_count': 6, 'reply_count': 3, 'like_count': 16, 'quote_count': 0}",Buffer,everyone,VPD says it is investigating more than a dozen incidents involving seniors tricked out of thousands of dollars. https://t.co/Pj2tyJphhd,,
3,2022-01-26T16:00:50.000Z,1486368541465055239,1486368541465055239,6433472,en,"{'retweet_count': 11, 'reply_count': 18, 'like_count': 16, 'quote_count': 0}",Buffer,everyone,"The portrait of those dying in Quebec in the current wave of COVID-19 is different than those who died last year.
There are fewer seniors in institutions but more living on their own. https://t.co/VbWwdv9F8B",,
4,2022-01-12T17:30:28.000Z,1481317669550931971,1481317669550931971,6433472,en,"{'retweet_count': 12, 'reply_count': 51, 'like_count': 29, 'quote_count': 1}",Buffer,everyone,"With the return to in-person learning less that a week away, Ontario’s vaccination rate for the five-to-11-year-old age group has stalled at 45 per cent. https://t.co/qz33KR4RLf",,
5,2022-01-10T11:00:06.000Z,1480494652604174347,1480494652604174347,6433472,en,"{'retweet_count': 56, 'reply_count': 6, 'like_count': 236, 'quote_count': 11}",Buffer,everyone,Seniors get help at home while students get an affordable place to live. https://t.co/jqRahmCUhV,,
6,2021-12-25T01:00:07.000Z,1474545457800130572,1474545457800130572,6433472,en,"{'retweet_count': 10, 'reply_count': 8, 'like_count': 31, 'quote_count': 3}",Buffer,everyone,Seniors' advocate also gets calls from families unable to care for aging relatives. https://t.co/gspJ9LsFDA,,
7,2021-12-14T06:00:04.000Z,1470634674858909700,1470634674858909700,6433472,en,"{'retweet_count': 10, 'reply_count': 11, 'like_count': 121, 'quote_count': 5}",Buffer,everyone,"A Calgary organization has given food hampers to over 850 single mothers, seniors and families, and it aims to provide culturally appropriate ingredients. https://t.co/ebyLfzdaHG",,
8,2021-12-12T17:00:33.000Z,1470076116488630280,1470076116488630280,6433472,en,"{'retweet_count': 8, 'reply_count': 7, 'like_count': 44, 'quote_count': 0}",Buffer,everyone,"With Ontario embarking on a big building project to increase the number of beds, some smaller facilities are challenging the norms of long-term care by putting an emphasis on home. https://t.co/vyWN6lw2Uu",,
9,2021-12-11T11:00:04.000Z,1469623010478931974,1469623010478931974,6433472,en,"{'retweet_count': 30, 'reply_count': 22, 'like_count': 71, 'quote_count': 13}",Buffer,everyone,"A Food Banks Canada report shows rural food banks are seeing a slow, steady increase in users who are seniors or people with disabilities. https://t.co/TJuBQw0vwX",,
10,2021-11-15T09:00:12.000Z,1460170758286680066,1460170758286680066,6433472,en,"{'retweet_count': 7, 'reply_count': 12, 'like_count': 32, 'quote_count': 0}",Buffer,everyone,Kamal Khera says she's bringing her background as a nurse into her new position as seniors minister. https://t.co/y4eGHWN3CC,,
11,2021-11-14T01:00:02.000Z,1459687534045315078,1459687534045315078,6433472,en,"{'retweet_count': 8, 'reply_count': 12, 'like_count': 98, 'quote_count': 2}",Buffer,everyone,Kamal Khera says she's bringing her background as a nurse into her new position as seniors minister. https://t.co/y4eGHWN3CC,,
12,2021-11-10T10:00:00.000Z,1458373869518065666,1458373869518065666,6433472,en,"{'retweet_count': 1, 'reply_count': 3, 'like_count': 11, 'quote_count': 0}",Buffer,everyone,Quebec Health Minister Christian Dubé says seniors in long-term care homes will receive a third dose by the end of November. https://t.co/RcDyCEedcC,,
13,2021-11-05T11:00:27.000Z,1456577143954149382,1456577143954149382,6433472,en,"{'retweet_count': 85, 'reply_count': 112, 'like_count': 129, 'quote_count': 21}",Buffer,everyone,"Almost 90,000 Canadian seniors are being hit by a sudden cut to their monthly income because they accepted a federal financial benefit that was supposed to help them weather the pandemic. https://t.co/0C5fRZOsdS",,
14,2021-10-30T21:00:00.000Z,1454553697652981768,1454553697652981768,6433472,en,"{'retweet_count': 3, 'reply_count': 8, 'like_count': 15, 'quote_count': 3}",Buffer,everyone,"The National Advisory Committee on Immunization has expanded recommendations for who should get a COVID-19 booster shot to include all seniors over the age of 80, Indigenous adults and some front-line health-care workers. https://t.co/ualTp2sUqh",,
15,2021-10-19T17:00:15.000Z,1450507094394814464,1450507094394814464,6433472,en,"{'retweet_count': 44, 'reply_count': 33, 'like_count': 65, 'quote_count': 11}",Buffer,everyone,"Since the beginning of last month, optometrists in Ontario have refused service to children under 20 and seniors 65 and older, and anyone covered by OHIP. https://t.co/QlhYwPHm9p",,
16,2021-10-18T05:00:06.000Z,1449963476751986688,1449963476751986688,6433472,en,"{'retweet_count': 65, 'reply_count': 12, 'like_count': 284, 'quote_count': 8}",Buffer,everyone,The First Nations University of Canada (FNUniv) in Regina is approaching the research of medicinal plants in a unique way — by pairing students with elders and knowledge keepers who know these traditional plants intimately. https://t.co/pkiUq7JeLD,,
17,2021-10-17T23:00:12.000Z,1449872905848897542,1449872905848897542,6433472,en,"{'retweet_count': 10, 'reply_count': 38, 'like_count': 52, 'quote_count': 3}",Buffer,everyone,"Some are wondering why elderly people living in long-term care homes are now eligible for a booster shot, but other seniors aren't. https://t.co/i9brgEQmBg",,
18,2021-10-11T06:00:01.000Z,1447441841033555968,1447441841033555968,6433472,en,"{'retweet_count': 4, 'reply_count': 7, 'like_count': 33, 'quote_count': 1}",Buffer,everyone,"An elderly tenant in a multi-storey apartment building in Trail, B.C., is breathing a sigh of relief after the building elevator was repaired — after nine months of outage. https://t.co/MiZRgP4CSN",,
19,2021-09-30T22:00:47.000Z,1443697358823469056,1443697358823469056,6433472,en,"{'retweet_count': 44, 'reply_count': 0, 'like_count': 115, 'quote_count': 3}",Buffer,mentionedUsers,"The Mi'kmaw Native Friendship Centre has launched a new online archive that features hours of interviews with elders, past and present. https://t.co/1gYhKxVJ6C",,
20,2021-09-28T19:37:04.000Z,1442936415700983808,1442936415700983808,6433472,en,"{'retweet_count': 41, 'reply_count': 35, 'like_count': 195, 'quote_count': 6}",Buffer,everyone,"#BREAKING: Canadian seniors living in long-term care residences and other congregate-care settings should receive a third dose of the COVID-19 vaccine, NACI recommended on Tuesday. https://t.co/qAhq7Jy9Hf",,
21,2021-09-19T23:30:01.000Z,1439733549792382986,1439733549792382986,6433472,en,"{'retweet_count': 27, 'reply_count': 43, 'like_count': 100, 'quote_count': 4}",Buffer,everyone,"Promises from leaders fail to address needs of an aging population, experts say. https://t.co/e56Jg43IFf @MichelleGhsoub",,
22,2021-09-14T15:00:59.000Z,1437793504470646793,1437793504470646793,6433472,en,"{'retweet_count': 2, 'reply_count': 4, 'like_count': 9, 'quote_count': 0}",Buffer,everyone,"California Democratic Gov. Gavin Newsom is in a fight for his political future, though polls suggest he should survive today's recall election. https://t.co/5ocnQUHhT8",,
23,2021-09-08T11:00:03.000Z,1435558546100396034,1435558546100396034,6433472,en,"{'retweet_count': 8, 'reply_count': 12, 'like_count': 23, 'quote_count': 0}",Buffer,everyone,Prime Minister Boris Johnson says tax hike will ensure Britain's aging population can access health care. https://t.co/sgaLrRHTDD,,
24,2021-09-02T10:00:17.000Z,1433369179864932352,1433369179864932352,6433472,en,"{'retweet_count': 5, 'reply_count': 5, 'like_count': 56, 'quote_count': 1}",Buffer,everyone,"Instead of fresh-faced teenagers bopping in a gym, this prom had folks in their 70s and 80s partying like they were 17 or 18. https://t.co/ICl3D1r8OC",,
25,2021-08-26T19:00:40.000Z,1430968454169903114,1430968454169903114,6433472,en,"{'retweet_count': 20, 'reply_count': 110, 'like_count': 87, 'quote_count': 7}",Buffer,everyone,"Single seniors who qualify for GIS would get $500 more a year under the Liberal plan, while couples would get $750. https://t.co/lmlRbubcvC",,
26,2021-08-25T11:00:09.000Z,1430485140724232195,1430485140724232195,6433472,en,"{'retweet_count': 7, 'reply_count': 4, 'like_count': 54, 'quote_count': 3}",Buffer,everyone,"The space includes horseshoe pits, shuffleboard courts, bocce courts and a croquet lawn. https://t.co/1SrZ8sCP1K",,
27,2021-08-22T19:00:38.000Z,1429518896369913856,1429518896369913856,6433472,en,"{'retweet_count': 4, 'reply_count': 37, 'like_count': 29, 'quote_count': 2}",Buffer,everyone,"Most of the main parties have made some promises to help seniors, largely focused on fixing long-term care homes. https://t.co/w8rHdcoovO",,
28,2021-08-12T14:00:03.000Z,1425819372346503182,1425819372346503182,6433472,en,"{'retweet_count': 11, 'reply_count': 9, 'like_count': 21, 'quote_count': 2}",Buffer,everyone,"While saline solution is harmless, most people who got vaccinated in Germany in March and April — when the suspected switch took place — are elderly people at high risk of catching COVID-19. https://t.co/CYQ7uLM76E",,
29,2021-08-09T02:00:20.000Z,1424551087164567559,1424551087164567559,6433472,en,"{'retweet_count': 12, 'reply_count': 16, 'like_count': 35, 'quote_count': 1}",Buffer,everyone,Seniors' advocate questions rigid care home constraints when those 70-plus are the most-vaccinated age group. https://t.co/DbdNTowvlu,,
30,2021-07-29T23:00:01.000Z,1420881831298322436,1420881831298322436,6433472,en,"{'retweet_count': 25, 'reply_count': 38, 'like_count': 79, 'quote_count': 4}",Buffer,everyone,Announcement makes Israel 1st country to offer 3rd dose of Pfizer/BioNTech vaccine. https://t.co/fsxdzSmDCn,,
31,2021-07-26T17:31:16.000Z,1419711933155008519,1419711933155008519,6433472,en,"{'retweet_count': 30, 'reply_count': 12, 'like_count': 164, 'quote_count': 9}",Buffer,everyone,"After a successful plea to lift Newfoundland and Labrador's ban on dancing in long-term care homes, seniors at Alderwood Retirement Centre in Witless Bay celebrated in a big way: with a flash mob in the street. https://t.co/HVTYXVZOQt",,
32,2021-07-23T10:00:45.000Z,1418511392060157953,1418511392060157953,6433472,en,"{'retweet_count': 26, 'reply_count': 10, 'like_count': 170, 'quote_count': 6}",Buffer,everyone,"Residents of a N.L. retirement centre will host their first dance since the beginning of the COVID-19 pandemic, days after making a successful appeal to the provincial government. https://t.co/mXKKVH0CEZ",,
33,2021-07-15T17:01:07.000Z,1415718077631766531,1415718077631766531,6433472,en,"{'retweet_count': 16, 'reply_count': 8, 'like_count': 43, 'quote_count': 1}",Buffer,everyone,"Elders from the Cote First Nation in Saskatchewan have succeeded in getting a plaque donated by, a longtime teacher at the St. Philip's Indian Residential School,  removed from the property. https://t.co/sH5cwfIrqy @ghania_yasmine",,
34,2021-07-13T09:00:22.000Z,1414872317772148739,1414872317772148739,6433472,en,"{'retweet_count': 45, 'reply_count': 15, 'like_count': 378, 'quote_count': 4}",Buffer,everyone,"Iqbal Alimohd, a Checker Cabs driver, delivers groceries to dozens of seniors in Calgary every week free of charge. https://t.co/pZBvTAWDBD",,
35,2021-07-01T03:00:07.000Z,1410433002975465482,1410433002975465482,6433472,en,"{'retweet_count': 19, 'reply_count': 25, 'like_count': 65, 'quote_count': 0}",Buffer,everyone,The government discussed giving vaccine boosters to the elderly and vulnerable as soon as September. https://t.co/Y3ZqPvm5T8,,
36,2021-06-29T20:30:04.000Z,1409972457180594177,1409972457180594177,6433472,en,"{'retweet_count': 15, 'reply_count': 7, 'like_count': 25, 'quote_count': 6}",Buffer,everyone,"Many of those who died in one B.C. city were seniors, RCMP say. https://t.co/CxcUxQjw8X",,
37,2021-06-28T18:30:24.000Z,1409579955869126659,1409579955869126659,6433472,en,"{'retweet_count': 54, 'reply_count': 19, 'like_count': 85, 'quote_count': 7}",Buffer,everyone,Métis elder and former Toronto police officer Ralph Thistle continues to live in poverty and still hasn't been paid lost wages. https://t.co/uqXxMrGHY6,,
38,2021-06-27T14:00:09.000Z,1409149557271826437,1409149557271826437,6433472,en,"{'retweet_count': 26, 'reply_count': 22, 'like_count': 126, 'quote_count': 0}",Buffer,everyone,"An elder in the community who spoke at the vigil said the discovery of the remains is equivalent to a scab that had been ""slowly healing"" being ripped off. https://t.co/WMAjvMipvS",,
39,2021-06-11T14:00:07.000Z,1403351343599964167,1403351343599964167,6433472,en,"{'retweet_count': 27, 'reply_count': 3, 'like_count': 308, 'quote_count': 4}",Buffer,everyone,Neighbours carried an elderly woman down 15 flights of stairs to safety on Thursday evening after an apartment in their West End Vancouver building caught fire. https://t.co/p1BOiTMZdl,,
40,2021-06-04T15:30:36.000Z,1400837396816711685,1400837396816711685,6433472,en,"{'retweet_count': 103, 'reply_count': 41, 'like_count': 146, 'quote_count': 18}",Buffer,everyone,"Ontario long-term care homes continue to break the law without facing serious penalties, with egregious consequences for seniors in the province. https://t.co/ojRnwioT7W @manciniCBC",,
41,2021-05-31T13:00:42.000Z,1399350121121435649,1399350121121435649,6433472,en,"{'retweet_count': 17, 'reply_count': 4, 'like_count': 22, 'quote_count': 0}",Buffer,everyone,"Tom Puglas, a First Nations elder on Vancouver Island, says he planned to repair his aging fishing boat.
But before he could — and without any warning, he says — the coast guard destroyed the boat. https://t.co/Da1iB5erys @JorgeBarrera",,
42,2021-05-15T02:00:07.000Z,1393385673554636801,1393385673554636801,6433472,en,"{'retweet_count': 53, 'reply_count': 147, 'like_count': 522, 'quote_count': 31}",Buffer,everyone,Some experts believe vaccinating younger people and essential workers first is key to stopping the spread of COVID-19. https://t.co/2QtLt6FwOD,,
43,2021-05-13T06:00:04.000Z,1392721285709447169,1392721285709447169,6433472,en,"{'retweet_count': 27, 'reply_count': 7, 'like_count': 101, 'quote_count': 1}",Buffer,everyone,"As Canada grapples with a crisis in the long-term care sector, some experts say we're missing out on a hidden opportunity to provide seniors with alternative types of care. https://t.co/4lM1UHYWaw",,
44,2021-05-06T22:00:36.000Z,1390426295218098183,1390426295218098183,6433472,en,"{'retweet_count': 44, 'reply_count': 13, 'like_count': 145, 'quote_count': 7}",Buffer,everyone,The NDP is calling on provincial police to investigate cases where seniors died of dehydration. https://t.co/VrFqe87Cmo,,
45,2021-04-21T11:00:15.000Z,1384824293482242048,1384824293482242048,6433472,en,"{'retweet_count': 8, 'reply_count': 1, 'like_count': 140, 'quote_count': 0}",Buffer,everyone,"Charlotte England spent the afternoon surrounded by a large hand-painted banner, balloons and cupcakes, as a parade of vehicles filled with her friends and family drove past her seniors residence. https://t.co/kbRJogVwHW",,
46,2021-04-12T17:30:14.000Z,1381660949338320896,1381660949338320896,6433472,en,"{'retweet_count': 11, 'reply_count': 6, 'like_count': 72, 'quote_count': 4}",Buffer,everyone,"Nearly every week a new edition of ""Fridays with Edison,"" written largely as if the two-year-old had written it himself, shows up at the Chartwell Avondale Retirement Residence in Toronto. https://t.co/FzY5gpak7p",,
47,2021-04-01T11:00:00.000Z,1377576475747102722,1377576475747102722,6433472,en,"{'retweet_count': 16, 'reply_count': 12, 'like_count': 62, 'quote_count': 2}",Buffer,everyone,The most vaccinated age group has seen its infection rates fall while cases rise among everyone else. https://t.co/G0ERwWGNnx,,
48,2021-03-29T04:00:05.000Z,1376383635100684289,1376383635100684289,6433472,en,"{'retweet_count': 17, 'reply_count': 16, 'like_count': 37, 'quote_count': 2}",Buffer,everyone,"Over 800,000 seniors in B.C. rely on caregivers at home, who haven't been prioritized for vaccination. https://t.co/yEB8giZFkx @evacsenge",,
49,2021-03-18T08:00:08.000Z,1372457778355261440,1372457778355261440,6433472,en,"{'retweet_count': 3, 'reply_count': 9, 'like_count': 42, 'quote_count': 1}",Buffer,everyone,"After a year of anxiety and missing their families, Ottawa seniors see the light at the end of the tunnel. https://t.co/xdjigkNuk8",,
50,2021-03-16T20:01:05.000Z,1371914436848594944,1371914436848594944,6433472,en,"{'retweet_count': 7, 'reply_count': 9, 'like_count': 60, 'quote_count': 1}",Buffer,everyone,"They are among Ontario's oldest residents — and they are proud to be vaccinated.
Meet some centenarians who have gotten shots against COVID-19. https://t.co/ljBH9M4gfr @HaydnWatters",,
51,2021-03-15T22:00:25.000Z,1371582079792742411,1371582079792742411,6433472,en,"{'retweet_count': 27, 'reply_count': 65, 'like_count': 70, 'quote_count': 11}",Buffer,everyone,"Health officials plan to update their guidelines on the AstraZeneca-Oxford vaccine, sources say, meaning seniors across the country will soon have the opportunity to get the shot. https://t.co/lhKhPKGpt3",,
52,2021-03-14T18:00:28.000Z,1371159307211976712,1371159307211976712,6433472,en,"{'retweet_count': 9, 'reply_count': 3, 'like_count': 49, 'quote_count': 0}",Buffer,everyone,"Faced with indefinite isolation and boredom, Jim Nedelcov decided to move into a private residence for seniors that offered residents daily activities and socialising alongside strict COVID-19 precautions. https://t.co/WWD9M20g1G",,
53,2021-03-13T17:00:17.000Z,1370781772930289667,1370781772930289667,6433472,en,"{'retweet_count': 6, 'reply_count': 34, 'like_count': 32, 'quote_count': 4}",Buffer,everyone,Experts say the confusion around vaccine safety recommendations is unfortunate given the number of unvaccinated seniors in Canada at risk of severe COVID-19 complications. https://t.co/iyh0bcrQrv,,
54,2021-03-05T10:27:23.000Z,1367783794447630336,1367783794447630336,6433472,en,"{'retweet_count': 59, 'reply_count': 12, 'like_count': 444, 'quote_count': 17}",Twitter Web App,everyone,"Walter Gretzky raised and coached his son, Wayne, considered by many to be the greatest NHL player of all time. 

The elder Gretzky is also remembered for dedication to minor hockey,  charities and his friendly demeanour.

https://t.co/1fLF6WKbSE",,
55,2021-03-03T16:00:00.000Z,1367142723841626121,1367142723841626121,6433472,en,"{'retweet_count': 7, 'reply_count': 14, 'like_count': 17, 'quote_count': 1}",TweetDeck,everyone,Questions remain about whether AstraZeneca-Oxford vaccine should be used in people aged 65 and older — an issue that is also playing out in other countries around the world. https://t.co/LGb0p9U9xS,,
56,2021-03-02T13:30:13.000Z,1366742641044557827,1366742641044557827,6433472,en,"{'retweet_count': 13, 'reply_count': 5, 'like_count': 79, 'quote_count': 4}",Buffer,everyone,"Dr. Ronald Bayne was one of Canada's first geriatricians and an advocate for seniors throughout his career, right up to until his death through medical assistance in dying. https://t.co/jpiIHrHT0q",,
57,2021-03-02T05:00:30.000Z,1366614369669435393,1366614369669435393,6433472,en,"{'retweet_count': 2, 'reply_count': 2, 'like_count': 28, 'quote_count': 2}",Buffer,everyone,"Health officials announced the accelerated timeline as the province moved into the second, seniors-focused phase. https://t.co/J9ncdaS2Uq",,
58,2021-02-28T19:00:19.000Z,1366100940269486083,1366100940269486083,6433472,en,"{'retweet_count': 25, 'reply_count': 5, 'like_count': 145, 'quote_count': 6}",Buffer,everyone,The program paired young people with seniors to help with isolation during pandemic. https://t.co/QG2ezVSAxI,,
59,2021-02-28T04:00:21.000Z,1365874453998149636,1365874453998149636,6433472,en,"{'retweet_count': 8, 'reply_count': 13, 'like_count': 32, 'quote_count': 1}",Buffer,everyone,"Some seniors are concerned about how they'll get to the vaccine clinic sites, both in regards to mobility but also transportation. https://t.co/FZQt7A1LiB",,
60,2021-02-25T13:00:08.000Z,1364923132025438211,1364923132025438211,6433472,en,"{'retweet_count': 11, 'reply_count': 5, 'like_count': 16, 'quote_count': 2}",Buffer,everyone,Seniors' advocates in Quebec say the province's plan to inoculate the population in mass vaccination centres isn't accessible for people with mobility issues. https://t.co/IZR2o5AUKO @vestevie,,
61,2021-02-24T15:30:00.000Z,1364598461723783168,1364598461723783168,6433472,en,"{'retweet_count': 3, 'reply_count': 4, 'like_count': 19, 'quote_count': 1}",Buffer,everyone,"Quebec is opening up COVID-19 vaccine appointments on Thursday for those born in 1936 or earlier, a development that is being met with relief and a little skepticism by the seniors next in line. https://t.co/sJgoqqLPSb @MrSeanGordon",,
62,2021-02-24T15:00:56.000Z,1364591146140389381,1364591146140389381,6433472,en,"{'retweet_count': 7, 'reply_count': 28, 'like_count': 47, 'quote_count': 4}",Buffer,everyone,"When Iain Rankin was sworn in as Nova Scotia's new premier, Prime Minister Justin Trudeau became something very few prime ministers become — the person with the most experience at the table. https://t.co/ItAphEgXFj @EricGrenierCBC",,
63,2021-02-24T10:00:07.000Z,1364515443042639875,1364515443042639875,6433472,en,"{'retweet_count': 31, 'reply_count': 71, 'like_count': 282, 'quote_count': 5}",Buffer,everyone,A COVID-19 modeller says the province should be prioritizing essential workers — people who have to have contact with others while on the job — over seniors when it comes to getting a shot. https://t.co/J4vZCqrQ7A,,
64,2021-02-23T12:30:07.000Z,1364190804059820032,1364190804059820032,6433472,en,"{'retweet_count': 61, 'reply_count': 72, 'like_count': 276, 'quote_count': 14}",Buffer,everyone,"Sam Meister is 98 years old, and he's furious at the Ontario government's COVID-19 vaccination plan that is forcing seniors like him to remain segregated. https://t.co/BWBfUIufkH",,
65,2021-02-20T06:00:00.000Z,1363005464833908739,1363005464833908739,6433472,en,"{'retweet_count': 17, 'reply_count': 16, 'like_count': 43, 'quote_count': 3}",Buffer,everyone,"All seniors aged 75 and older will be able to book appointments for COVID-19 vaccines beginning next Wednesday, Premier Jason Kenney announced. https://t.co/2CbO6bwNSe",,
66,2021-02-19T16:00:08.000Z,1362794104615276551,1362794104615276551,6433472,en,"{'retweet_count': 14, 'reply_count': 6, 'like_count': 42, 'quote_count': 4}",Buffer,everyone,"#Opinion: Expanding established home-care models would take pressure off the health system, while helping Canadians age in safety and dignity. https://t.co/ktcvLq6Q6M",,
67,2021-02-15T19:00:16.000Z,1361389884095750148,1361389884095750148,6433472,en,"{'retweet_count': 20, 'reply_count': 9, 'like_count': 32, 'quote_count': 4}",Buffer,everyone,"Regular use of sleeping pills can lead to dependence, memory loss and unsteadiness, says pharmacist. https://t.co/Vdj66mTY8Z",,
68,2021-02-15T17:01:36.000Z,1361360019661414403,1361360019661414403,6433472,en,"{'retweet_count': 10, 'reply_count': 19, 'like_count': 41, 'quote_count': 2}",Buffer,everyone,"Also in line are residents of congregate care settings for seniors, and Indigenous adults. https://t.co/woR7Ye1LrC",,
69,2021-02-04T12:30:15.000Z,1357305466427240448,1357305466427240448,6433472,en,"{'retweet_count': 19, 'reply_count': 7, 'like_count': 35, 'quote_count': 3}",Buffer,everyone,"Private for-profit homes for seniors are over-represented among residences that have experienced COVID-19 outbreaks in B.C., according to an exclusive CBC News analysis. https://t.co/gzcKe5bBHp @tarajcarman",,
70,2021-02-03T13:30:03.000Z,1356958126440906754,1356958126440906754,6433472,en,"{'retweet_count': 17, 'reply_count': 9, 'like_count': 39, 'quote_count': 3}",Buffer,everyone,"As COVID-19 exposes a crisis in Canada's long-term care system, efforts are growing to keep more seniors at home. https://t.co/Vonl46l1t0 @nicireland_news @natalie_kalata",,
71,2021-01-27T12:30:28.000Z,1354406419030798339,1354406419030798339,6433472,en,"{'retweet_count': 33, 'reply_count': 77, 'like_count': 122, 'quote_count': 6}",Buffer,everyone,"Despite headline-making reports of seniors falling ill after getting a shot of COVID-19 vaccine, Canadian physicians stress these vaccines are proving overwhelmingly safe for the vast majority of elderly recipients. https://t.co/K1H8hasH99 @LaurenPelley",,
72,2021-01-27T09:00:23.000Z,1354353551066206214,1354353551066206214,6433472,en,"{'retweet_count': 9, 'reply_count': 3, 'like_count': 10, 'quote_count': 1}",Buffer,everyone,"Seniors tend to turn to pills because changes in sleep patterns are a natural part of aging, psychiatry Prof. Dr. David Gardner said. https://t.co/xWCzR2fgVq",,
73,2021-01-22T10:00:30.000Z,1352556740781494272,1352556740781494272,6433472,en,"{'retweet_count': 7, 'reply_count': 7, 'like_count': 15, 'quote_count': 0}",Buffer,everyone,The changes in demographic patterns could have significant implications for the region's economy. https://t.co/ZVQquGg8fz,,
74,2021-01-19T16:30:04.000Z,1351567614229819395,1351567614229819395,6433472,en,"{'retweet_count': 6, 'reply_count': 0, 'like_count': 19, 'quote_count': 0}",Buffer,everyone,"Fire forced the evacuation of nearly 50 residents from a long-term care facility in Wellington, P.E.I., late Monday night. https://t.co/sdPjdcL6mc @JWayneCBC",,
75,2021-01-18T12:30:33.000Z,1351144948427608066,1351144948427608066,6433472,en,"{'retweet_count': 193, 'reply_count': 95, 'like_count': 898, 'quote_count': 45}",Buffer,everyone,"Advocates, health experts and seniors in Ontario themselves are calling for older adults living in their own homes to be vaccinated for COVID-19 sooner. https://t.co/pmko1XU8F8 @FarrahMerali",,
76,2021-01-13T12:30:29.000Z,1349332993429676033,1349332993429676033,6433472,en,"{'retweet_count': 20, 'reply_count': 13, 'like_count': 23, 'quote_count': 3}",Buffer,everyone,"Cristina David says she was left alone for days to care for her husband, Simon, who is bedridden, after she tested positive for COVID-19. https://t.co/BA1manTaXF @jlancasterCBC",,
77,2021-01-07T14:30:11.000Z,1347188790713057281,1347188790713057281,6433472,en,"{'retweet_count': 13, 'reply_count': 8, 'like_count': 57, 'quote_count': 5}",Buffer,everyone,"The rising number COVID-19 cases, coupled with the new threat from mutant variants, makes it more urgent to vaccinate our oldest and most vulnerable, experts say. https://t.co/nS6EgQ3RID",,
78,2021-01-07T13:00:28.000Z,1347166212908834816,1347166212908834816,6433472,en,"{'retweet_count': 32, 'reply_count': 49, 'like_count': 109, 'quote_count': 29}",Buffer,everyone,"COVID-19 vaccines are being offered to seniors aged 65 and up in Florida, including Canadians. https://t.co/eWpSOgBI0a @sophiaharrisCBC",,
79,2021-01-03T13:00:00.000Z,1345716543510999040,1345716543510999040,6433472,en,"{'retweet_count': 21, 'reply_count': 10, 'like_count': 154, 'quote_count': 2}",Buffer,everyone,"An art project in Fort McMurray, Alta., paired seniors and artists in an effort to reduce social isolation during the pandemic. https://t.co/sOwSLot0w8",,
80,2020-12-28T22:00:30.000Z,1343678236572741635,1343678236572741635,6433472,en,"{'retweet_count': 13, 'reply_count': 1, 'like_count': 66, 'quote_count': 2}",Buffer,everyone,"""To have her engaged through music … being present, it is wonderful,"" says a woman whose 87-year-old mother does virtual music therapy. https://t.co/6Vj1sGNid6 @FarrahMerali",,
81,2020-12-27T06:00:00.000Z,1343074131978366978,1343074131978366978,6433472,en,"{'retweet_count': 64, 'reply_count': 11, 'like_count': 730, 'quote_count': 9}",Buffer,everyone,"A Manitoba mom and her three daughters have been delivering letters, artwork and baked goods to their elderly neighbours. She says it's brought her joy. https://t.co/3pvC0kDcz0",,
82,2020-12-26T05:00:02.000Z,1342696652751167488,1342696652751167488,6433472,en,"{'retweet_count': 11, 'reply_count': 7, 'like_count': 62, 'quote_count': 0}",Buffer,everyone,"More than 60 per cent of seniors in Vancouver's West End neighbourhood live alone, says a man who runs an organization to help support them. https://t.co/YNkeyMPEJv @ChadPawson",,
83,2020-12-20T04:00:27.000Z,1340507329926750208,1340507329926750208,6433472,en,"{'retweet_count': 7, 'reply_count': 0, 'like_count': 32, 'quote_count': 0}",Buffer,everyone,Pandemic Party features songs like What A Wonderful World from elders at Kinsmen Lodge. https://t.co/Dxe2shf1Y0,,
84,2020-12-09T15:00:40.000Z,1336687212528869376,1336687212528869376,6433472,en,"{'retweet_count': 9, 'reply_count': 12, 'like_count': 30, 'quote_count': 8}",Buffer,everyone,"#Analysis: Back in September, Alberta was recording fewer than a dozen new COVID-19 cases per week among people aged 80 and over.
Last week, there were more than 400. https://t.co/ouM3tGBsMJ @CBCFletch",,
85,2020-12-08T19:30:08.000Z,1336392636299620352,1336392636299620352,6433472,en,"{'retweet_count': 19, 'reply_count': 12, 'like_count': 60, 'quote_count': 2}",Buffer,everyone,"A remote fly-in First Nation in Manitoba, where COVID-19 cases are surging, is calling on Prime Minister Justin Trudeau for urgent help to move out its elders. https://t.co/EaoicAzO8z",,
86,2020-12-04T19:30:13.000Z,1334943108245622785,1334943108245622785,6433472,en,"{'retweet_count': 12, 'reply_count': 14, 'like_count': 64, 'quote_count': 10}",Buffer,everyone,"The National Advisory Committee on Immunization said the initial, limited quantity of vaccine doses should be reserved for people who are most at risk of contracting the virus and developing severe symptoms. https://t.co/Ks6Dfax79a @JPTasker",,
87,2020-12-03T10:00:26.000Z,1334437329411436547,1334437329411436547,6433472,en,"{'retweet_count': 6, 'reply_count': 2, 'like_count': 13, 'quote_count': 1}",Buffer,everyone,"Currently, there are outbreaks at six retirement homes in the region, according to the Outaouais region public health website. https://t.co/BUZ4CAkU8Z",,
88,2020-11-27T14:30:18.000Z,1332330917143187456,1332330917143187456,6433472,en,"{'retweet_count': 11, 'reply_count': 20, 'like_count': 57, 'quote_count': 5}",Buffer,everyone,"As COVID cases climb and winter approaches, there is a growing fear that seniors could find themselves even more isolated. https://t.co/zfE2q7ggQx @briarstewart",,
89,2020-11-19T13:30:03.000Z,1329416649821315080,1329416649821315080,6433472,en,"{'retweet_count': 19, 'reply_count': 11, 'like_count': 124, 'quote_count': 2}",Buffer,everyone,"AstraZeneca and Oxford University's potential COVID-19 vaccine produced a strong immune response and was well tolerated in older adults, according to preliminary results. https://t.co/1e18mKgpcW",,
90,2020-11-14T14:00:20.000Z,1327612333582135302,1327612333582135302,6433472,en,"{'retweet_count': 59, 'reply_count': 352, 'like_count': 140, 'quote_count': 180}",Buffer,everyone,The Canadian Snowbird Association estimates that around 30 per cent of its members will head to the United States Sunbelt this winter. https://t.co/UQSLRdxbGu @sophiaharrisCBC,,
91,2020-11-01T11:00:30.000Z,1322856034143215616,1322856034143215616,6433472,en,"{'retweet_count': 4, 'reply_count': 6, 'like_count': 101, 'quote_count': 2}",Buffer,everyone,"'They were really happy, they had a great time.' https://t.co/7SEDf3CBL3",,
92,2020-10-23T10:30:18.000Z,1319586943919861760,1319586943919861760,6433472,en,"{'retweet_count': 92, 'reply_count': 39, 'like_count': 160, 'quote_count': 59}",Buffer,everyone,A data analysis of the most serious breaches of Ontario’s long-term care home safety legislation reveals that six in seven care homes are repeat offenders. https://t.co/nNIOHx0pXg @kt_pedersen @manciniCBC @davidcommon @wolfewylie,,
93,2020-10-22T14:30:35.000Z,1319285025175556098,1319285025175556098,6433472,en,"{'retweet_count': 4, 'reply_count': 11, 'like_count': 31, 'quote_count': 2}",Buffer,everyone,"Florida is a fierce electoral battleground.
Wins and losses are razor thin, and 29 electoral votes are at stake.
And key to winning the state are the votes of its seniors. https://t.co/5ff6LbeWgo @OrmistonOnline",,
94,2020-10-20T16:30:30.000Z,1318590428027998208,1318590428027998208,6433472,en,"{'retweet_count': 21, 'reply_count': 8, 'like_count': 82, 'quote_count': 7}",Buffer,everyone,"New Brunswick's seniors are better off staying in their homes as long as they want to — and as long it's safe, according to a University of Moncton nursing professor. https://t.co/DYR9RFjxBd @TWeldonCBC",,
95,2020-10-18T11:00:16.000Z,1317782542506930181,1317782542506930181,6433472,en,"{'retweet_count': 11, 'reply_count': 1, 'like_count': 32, 'quote_count': 0}",Buffer,everyone,"""The popularity of this place has put pressure on our housing resources,"" says the mayor of Prince Edward County. https://t.co/xr7u0Kb1qf @trevorjdunn",,
96,2020-10-18T04:00:36.000Z,1317676931714699269,1317676931714699269,6433472,en,"{'retweet_count': 4, 'reply_count': 9, 'like_count': 10, 'quote_count': 1}",Buffer,everyone,Most B.C. residents will only be able to get the standard influenza shot from a doctor or pharmacy. Kids and seniors have other options. https://t.co/1QvlVV7Q4h @bethanylindsay,,
97,2020-10-15T08:00:28.000Z,1316650132889309184,1316650132889309184,6433472,en,"{'retweet_count': 21, 'reply_count': 3, 'like_count': 133, 'quote_count': 2}",Buffer,everyone,"City employees in Elliot Lake, Ont., have so far made more than 2,300 grocery deliveries to about 460 seniors. https://t.co/spOXInoK1q",,
98,2020-10-14T18:00:46.000Z,1316438815859499008,1316438815859499008,6433472,en,"{'retweet_count': 16, 'reply_count': 13, 'like_count': 19, 'quote_count': 2}",Buffer,everyone,The federal government says tens of thousands of seniors are at risk of losing benefits because they haven't yet filed their taxes. https://t.co/v5LBWPrvvA,,
99,2020-10-12T00:00:18.000Z,1315442129666281473,1315442129666281473,6433472,en,"{'retweet_count': 7, 'reply_count': 11, 'like_count': 35, 'quote_count': 1}",Buffer,everyone,"COVID-19 has been particularly hard on older Canadians, who are being warned to limit social contacts — but some say they won't languish. https://t.co/3Z9vbSjRD3 @AmandaKlang",,
100,2020-10-10T21:00:36.000Z,1315034519087411202,1315034519087411202,6433472,en,"{'retweet_count': 14, 'reply_count': 23, 'like_count': 30, 'quote_count': 5}",Buffer,everyone,Nova Scotia is providing the high-dose flu vaccine to residents of long-term care facilities but other seniors will have to pay. https://t.co/WbRIB6P3Z9,,
101,2020-09-21T22:30:12.000Z,1308171701587509248,1308171701587509248,6433472,en,"{'retweet_count': 333, 'reply_count': 58, 'like_count': 1925, 'quote_count': 54}",Buffer,everyone,"While delivering food to seniors in the early days of the pandemic, New Brunswick university student Hannah Crouse found that many were lonely. 
She created a program matching students with seniors who they visit once a week and share a meal together. https://t.co/mGv8RaS95e",,
102,2020-09-12T14:16:55.000Z,1304786069410340864,1304786069410340864,6433472,en,"{'retweet_count': 26, 'reply_count': 38, 'like_count': 119, 'quote_count': 15}",Twitter Web App,everyone,The National Gallery of Canada is exploring why Renaissance babies were depicted to look more like little old men than the ideal Gerber cutie-pie. https://t.co/MIEQW8dTLr,,
103,2020-09-03T02:30:07.000Z,1301346707024867328,1301346707024867328,6433472,en,"{'retweet_count': 27, 'reply_count': 24, 'like_count': 102, 'quote_count': 3}",Buffer,everyone,"Some parents in London, Ont., say they plan to keep kids and their grandparents separate for a few weeks after school begins. https://t.co/hNJEvo8trl @AndrewLuptonCBC",,
104,2020-08-31T11:00:57.000Z,1300388097704812544,1300388097704812544,6433472,en,"{'retweet_count': 4, 'reply_count': 2, 'like_count': 19, 'quote_count': 0}",Buffer,everyone,"Over the past few months, seniors in South Surrey and White Rock have stayed connected from home through an intimate, weekly art class conducted over the phone. https://t.co/qsdf1E457T",,
105,2020-08-09T03:00:24.000Z,1292294631128956930,1292294631128956930,6433472,en,"{'retweet_count': 126, 'reply_count': 83, 'like_count': 787, 'quote_count': 32}",Buffer,everyone,"An elderly dog was left on the side of the road in a plastic bag in Ontario. Mildred faces ""a long road to recovery,"" but a campaign drive for funds has raised at least $6,000. https://t.co/sVv7HJR51h",,
106,2020-07-27T15:00:25.000Z,1287764786365837312,1287764786365837312,6433472,en,"{'retweet_count': 4, 'reply_count': 2, 'like_count': 46, 'quote_count': 1}",Buffer,everyone,"Cailey Mercredi didn't expect to see her grandparents again in person this year because of COVID-19, but a recent change of rules made for a lovely family surprise. https://t.co/p11cEIt5lV @_kate_kyle",,
107,2020-07-19T21:00:15.000Z,1284956240163016707,1284956240163016707,6433472,en,"{'retweet_count': 21, 'reply_count': 11, 'like_count': 106, 'quote_count': 3}",Buffer,everyone,#Opinion: Family and loved ones aren't just visitors. They often provide essential services that long-term care staff are unable to provide because of time constraints and a lack of resources. https://t.co/eseGkigJZX,,
108,2020-07-18T12:00:02.000Z,1284457902581911552,1284457902581911552,6433472,en,"{'retweet_count': 12, 'reply_count': 17, 'like_count': 134, 'quote_count': 4}",Buffer,everyone,"Some 25 seniors from Witless Bay, N.L., headed out on the town as soon as lockdown restrictions lifted. ""Now we're free. Free as the birds,"" said one. https://t.co/m6en7srmoT",,
109,2020-07-06T11:00:21.000Z,1280094227909816320,1280094227909816320,6433472,en,"{'retweet_count': 6, 'reply_count': 2, 'like_count': 49, 'quote_count': 3}",Buffer,everyone,The regulars at Yellowknife's cafes have started to reclaim their usual seats. https://t.co/rkiq8hMFUF,,
110,2020-07-06T10:30:09.000Z,1280086629001187329,1280086629001187329,6433472,en,"{'retweet_count': 60, 'reply_count': 3, 'like_count': 357, 'quote_count': 1}",Buffer,everyone,Two women have connected seniors in 30 long-term care homes with pen pals to ease feelings of isolation during the pandemic. https://t.co/dd8bdiqkvS @bobbyhristova,,
111,2020-07-03T13:30:18.000Z,1279044800227037187,1279044800227037187,6433472,en,"{'retweet_count': 16, 'reply_count': 127, 'like_count': 53, 'quote_count': 10}",Buffer,everyone,"A family hit hard by COVID-19 is angry that Canada's border restrictions are keeping a son in New York City from seeing his elderly, sick mother in Toronto. https://t.co/SCoPetoLEt @valerie_ouellet",,
112,2020-06-30T18:00:04.000Z,1278025527450836992,1278025527450836992,6433472,en,"{'retweet_count': 23, 'reply_count': 20, 'like_count': 68, 'quote_count': 3}",Buffer,everyone,"#Analysis: Pandemics, like the viruses that drive them, attack weak points. 
The novel coronavirus exploited a weakness in Canadian society — this country's tendency to warehouse its elderly in poorly supervised long-term care homes. https://t.co/BHOXM3NCGN @EvanDyerCBC",,
113,2020-06-19T18:00:53.000Z,1274039464445313025,1274039464445313025,6433472,en,"{'retweet_count': 11, 'reply_count': 79, 'like_count': 44, 'quote_count': 4}",Buffer,everyone,"The Newfoundland and Labrador Liquor Corp. says it is reviewing the logo for its Old Sam Rum brand, which features an illustration commonly perceived to be a laughing, elderly Black man. https://t.co/pSDcyCac6K",,
114,2020-06-16T18:00:12.000Z,1272952129511186433,1272952129511186433,6433472,en,"{'retweet_count': 13, 'reply_count': 9, 'like_count': 57, 'quote_count': 2}",Buffer,everyone,"Young people and seniors are borrowing less, while those 46 to 65 are still racking up debt. https://t.co/pg0uj7J0Fq @p_evans",,
115,2020-06-16T12:30:15.000Z,1272869094849732608,1272869094849732608,6433472,en,"{'retweet_count': 83, 'reply_count': 39, 'like_count': 111, 'quote_count': 13}",Buffer,everyone,"An elderly Black couple alleges that Durham Regional Police and staff at an Ajax, Ont., hospital, assaulted and abused them in 2018, and then tried to suppress video of the incident with threats of arrest and legal action. https://t.co/AQbDaJ2Nj3 @JonGatehouse",,
116,2020-06-15T19:30:12.000Z,1272612390295781376,1272612390295781376,6433472,en,"{'retweet_count': 15, 'reply_count': 23, 'like_count': 39, 'quote_count': 5}",Buffer,everyone,Advocates for the elderly say the U.S. federal government hasn't provided needed virus testing and sufficient protective gear to allow nursing homes to operate safely. https://t.co/30AQvJeULi,,
117,2020-06-15T12:00:29.000Z,1272499214296244225,1272499214296244225,6433472,en,"{'retweet_count': 29, 'reply_count': 7, 'like_count': 242, 'quote_count': 2}",Buffer,everyone,"Mary Ito says she has ""good days, and very sad days still,"" but is glad she was there for her parents' final days. https://t.co/xGIzGJhtrh",,
118,2020-06-06T03:00:19.000Z,1269101786226462720,1269101786226462720,6433472,en,"{'retweet_count': 9, 'reply_count': 10, 'like_count': 38, 'quote_count': 4}",Buffer,everyone,Nova Scotia's high school seniors may be looking at drive-in graduation ceremonies. https://t.co/WsQQq0k4ZI @AnjuliCBC,,
119,2020-06-04T16:30:25.000Z,1268580881473699840,1268580881473699840,6433472,en,"{'retweet_count': 10, 'reply_count': 23, 'like_count': 51, 'quote_count': 8}",Buffer,everyone,"Seniors facing higher costs for groceries, transportation and prescriptions due to COVID-19 can expect emergency aid payments of up to $500 in early July. https://t.co/T6rK8hEljw",,
120,2020-06-03T18:30:10.000Z,1268248626477891584,1268248626477891584,6433472,en,"{'retweet_count': 5, 'reply_count': 34, 'like_count': 16, 'quote_count': 7}",Buffer,everyone,"Conservative leadership candidates are weighing in on the crisis in long-term care, calling for everything from new funding to a criminal crackdown on those who abuse the elderly. https://t.co/Byw7gEdLI4 @cath_cullen",,
121,2020-05-31T10:00:18.000Z,1267033151018356737,1267033151018356737,6433472,en,"{'retweet_count': 11, 'reply_count': 8, 'like_count': 21, 'quote_count': 1}",Buffer,everyone,"Lack of credit cards, technical skill and computer access are barriers some Newfoundland seniors face when it comes to online shopping. https://t.co/WC2uh86jhy",,
122,2020-05-30T13:00:13.000Z,1266716041192845315,1266716041192845315,6433472,en,"{'retweet_count': 3, 'reply_count': 1, 'like_count': 33, 'quote_count': 0}",Buffer,everyone,"Marion Rogers says the walks around the Calgary seniors' residence she lives in used to be ""dog-gone boring."" Now, that's all changed. https://t.co/Qznpe7VYKM",,
123,2020-05-28T15:00:13.000Z,1266021464832184325,1266021464832184325,6433472,en,"{'retweet_count': 22, 'reply_count': 14, 'like_count': 43, 'quote_count': 5}",Buffer,everyone,#Analysis: The pandemic has aggravated problems in long-term care that politicians have known about for decades. https://t.co/o7cj0ayhdH @AaronWherry,,
124,2020-05-25T20:00:22.000Z,1265009835067813891,1265009835067813891,6433472,en,"{'retweet_count': 11, 'reply_count': 6, 'like_count': 63, 'quote_count': 2}",Buffer,everyone,"Juanita Robinson, 91, and Howard Robinson, 94, lived in long-term care until their deaths in early April. https://t.co/uYlVMYxsQc @liam_britten",,
125,2020-05-18T14:05:07.000Z,1262383719752650752,1262383719752650752,6433472,en,"{'retweet_count': 41, 'reply_count': 6, 'like_count': 269, 'quote_count': 3}",Buffer,everyone,"A Mi'kmaw elder and 25-year veteran of the RCMP from Sipekne'katik First Nation in Nova Scotia, Joe Michael has prepared a gift for the families of the victims of April's mass shooting. https://t.co/8tLdSCuuwa",,
126,2020-05-18T11:00:04.000Z,1262337150332416001,1262337150332416001,6433472,en,"{'retweet_count': 43, 'reply_count': 14, 'like_count': 62, 'quote_count': 3}",Buffer,everyone,Ontarians over the age of 70 as well as people with underlying conditions are still cautioned to self-isoltate. https://t.co/S0Tt9pMhjU,,
127,2020-05-16T09:00:10.000Z,1261582201524834311,1261582201524834311,6433472,en,"{'retweet_count': 14, 'reply_count': 16, 'like_count': 44, 'quote_count': 3}",Buffer,everyone,The Canadian Taxpayers Federation says letters from the premier accompanying cheques for seniors may come across as a partisan activity. https://t.co/DI6b8VZftJ,,
128,2020-05-15T02:30:01.000Z,1261121627225501700,1261121627225501700,6433472,en,"{'retweet_count': 60, 'reply_count': 11, 'like_count': 92, 'quote_count': 6}",Buffer,everyone,Investigators are trying to find out why all 226 residents and some 148 employees contracted COVID-19 at a seniors' home in Quebec. https://t.co/W6ZZZFw37d,,
129,2020-05-14T22:30:14.000Z,1261061286529568768,1261061286529568768,6433472,en,"{'retweet_count': 17, 'reply_count': 4, 'like_count': 88, 'quote_count': 1}",Buffer,everyone,"2.3 million seniors volunteer every year. Now, many of them are staying home to protect themselves. https://t.co/2wHe0iQ8G7",,
130,2020-05-12T16:30:24.000Z,1260245954801909762,1260245954801909762,6433472,en,"{'retweet_count': 28, 'reply_count': 32, 'like_count': 82, 'quote_count': 8}",Buffer,everyone,"Seniors who qualify for Old Age Security will be eligible for a one-time, tax-free payment of $300, and those eligible for the Guaranteed Income Supplement will get an extra $200. https://t.co/vC1lcEEAXu @OttawaReporter",,
131,2020-05-12T15:00:10.000Z,1260223247682945024,1260223247682945024,6433472,en,"{'retweet_count': 54, 'reply_count': 39, 'like_count': 58, 'quote_count': 10}",Periscope,everyone,COVID-19 update: Trudeau addresses Canadians | Special coverage with @RosieBarton https://t.co/vC1lcEmZyU https://t.co/QTWhXJmC80,,
132,2020-05-08T10:00:09.000Z,1258698192469852160,1258698192469852160,6433472,en,"{'retweet_count': 24, 'reply_count': 6, 'like_count': 44, 'quote_count': 5}",Buffer,everyone,"Defence Minister Harjit Sajjan said the military has just more than 1,000 soldiers deployed in Quebec now — a mixture of medical staff and general troops. https://t.co/Iyl3L3mREL @Murray_Brewster",,
133,2020-05-07T05:00:29.000Z,1258260390158483456,1258260390158483456,6433472,en,"{'retweet_count': 35, 'reply_count': 15, 'like_count': 49, 'quote_count': 2}",Buffer,everyone,"Hospitals in the Montreal area are currently running out of beds, three weeks after health authorities stopped sending elderly patients back into the province's long-term care network. https://t.co/hJ3UIJtQVX @jonmontpetit",,
134,2020-05-06T20:30:22.000Z,1258132015662141441,1258132015662141441,6433472,en,"{'retweet_count': 19, 'reply_count': 5, 'like_count': 36, 'quote_count': 3}",Buffer,everyone,"A class-action lawsuit is gearing up for residents and families against a company that owns retirement homes in Alberta, B.C., and Quebec. https://t.co/O3iDhdE7Sj @elisevonscheel",,
135,2020-05-05T11:30:00.000Z,1257633642324676608,1257633642324676608,6433472,en,"{'retweet_count': 28, 'reply_count': 19, 'like_count': 41, 'quote_count': 2}",Buffer,everyone,Why do we need a vaccine for COVID-19? Do seniors need to stay inside until a vaccine is developed? Here are the answers to those questions and more. https://t.co/QMEf15BTGb @aniabess,,
136,2020-05-05T06:00:25.000Z,1257550697685532672,1257550697685532672,6433472,en,"{'retweet_count': 38, 'reply_count': 16, 'like_count': 59, 'quote_count': 8}",Buffer,everyone,"Montreal now has 16,606 confirmed cases. A total of 1,410 Montrealers have died from COVID-19 complications — most of them seniors who were in long-term care. https://t.co/bgsSMCFNQZ",,
137,2020-05-03T03:00:09.000Z,1256780555863064577,1256780555863064577,6433472,en,"{'retweet_count': 279, 'reply_count': 18, 'like_count': 1564, 'quote_count': 44}",Buffer,everyone,A group of B.C. seniors are making themselves and others laugh as they take on the Getty Museum Challenge. https://t.co/0CPtzPwwZn @CBCLarsen,,
138,2020-04-29T15:30:30.000Z,1255519839982178307,1255519839982178307,6433472,en,"{'retweet_count': 23, 'reply_count': 13, 'like_count': 61, 'quote_count': 4}",Buffer,everyone,"Canadian troops started deploying to Ontario nursing homes last week.
The military has finalized plans to be in as many as 20 long-term care centres in Quebec.
It's all part of a pandemic mission their commander says he never anticipated. https://t.co/MkzRiv0nZa @Murray_Brewster",,
139,2020-04-26T02:00:00.000Z,1254228705238487040,1254228705238487040,6433472,en,"{'retweet_count': 69, 'reply_count': 8, 'like_count': 330, 'quote_count': 6}",Buffer,everyone,The Canadian Association for Community Living says people with intellectual disabilities deserve the same safety measures as seniors. https://t.co/nKjVkQZ3tR,,
140,2020-04-22T18:00:25.000Z,1253020850930044932,1253020850930044932,6433472,en,"{'retweet_count': 12, 'reply_count': 9, 'like_count': 24, 'quote_count': 4}",Buffer,everyone,"Quebec has 20,965 confirmed cases of COVID-19, and 1,134 people have died — the majority being residents of long-term care institutions and other seniors' homes. https://t.co/cJAfc1KSPv @vestevie",,
141,2020-04-17T18:00:33.000Z,1251208945584279560,1251208945584279560,6433472,en,"{'retweet_count': 29, 'reply_count': 11, 'like_count': 45, 'quote_count': 6}",Buffer,everyone,"Oversight of infection control measures — key to keeping long-term care homes free of illness — plummeted when Ontario scaled back comprehensive annual inspections last year. https://t.co/wJ0lLN4Pbr @kt_pedersen @manciniCBC @davidcommon @wolfewylie
@caitlinjtaylor",,
142,2020-04-17T15:00:40.000Z,1251163676855488512,1251163676855488512,6433472,en,"{'retweet_count': 43, 'reply_count': 19, 'like_count': 79, 'quote_count': 7}",Buffer,everyone,Long-term care homes get written up for violations like incorrect use of personal protective equipment and failing to clean shared washrooms. But the number of violations recorded plunged when Ontario scaled back comprehensive inspections. https://t.co/wJ0lLN4Pbr,,
143,2020-04-16T09:00:07.000Z,1250710550755119104,1250710550755119104,6433472,en,"{'retweet_count': 8, 'reply_count': 1, 'like_count': 35, 'quote_count': 1}",Buffer,everyone,"""You just see the light in my residents' eyes reading these letters,"" says the co-ordinator of a program that pairs seniors and kids as penpals. https://t.co/CdADfkbZgb @HeidiAtter",,
144,2020-04-15T13:00:33.000Z,1250408670753628160,1250408670753628160,6433472,en,"{'retweet_count': 17, 'reply_count': 15, 'like_count': 19, 'quote_count': 6}",Buffer,everyone,"The government says it did 2,800 inspections in 2019, but most were related to complaints or critical incidents. https://t.co/Ded36ED0l5 @kt_pedersen @manciniCBC @davidcommon",,
145,2020-04-15T06:00:23.000Z,1250302931808604160,1250302931808604160,6433472,en,"{'retweet_count': 12, 'reply_count': 10, 'like_count': 31, 'quote_count': 2}",Buffer,everyone,"For high school seniors, online classes are the new normal. Milestones like prom and graduation are question marks. Future plans are on hold. https://t.co/Z39Q45QAG2 @HallieCBC",,
146,2020-04-14T21:00:01.000Z,1250166943681634304,1250166943681634304,6433472,en,"{'retweet_count': 18, 'reply_count': 7, 'like_count': 103, 'quote_count': 1}",Twitter Media Studio,everyone,"Despite the cancellation of the annual Vaisakhi festivities due to the COVID-19 pandemic, a Sikh community leader in Surrey, B.C., is ensuring those in need can get a taste of the festival by organizing deliveries of groceries and meals to their doors. https://t.co/DciKjLuKuU https://t.co/kok3vX16Bu",,
147,2020-04-13T16:00:01.000Z,1249729061573844994,1249729061573844994,6433472,en,"{'retweet_count': 16, 'reply_count': 1, 'like_count': 31, 'quote_count': 5}",Buffer,everyone,The regional public health agency has taken control of CHSLD Herron. https://t.co/c6EMLauEr4,,
148,2020-04-13T16:00:00.000Z,1249729055307464705,1249729055307464705,6433472,en,"{'retweet_count': 11, 'reply_count': 7, 'like_count': 28, 'quote_count': 0}",Buffer,everyone,Health officials and politicians are facing questions about care for the elderly. https://t.co/FwgMsBgY1J,,
149,2020-04-13T10:00:04.000Z,1249638474954702848,1249638474954702848,6433472,en,"{'retweet_count': 4, 'reply_count': 1, 'like_count': 40, 'quote_count': 0}",Buffer,everyone,"COVID-19 has kept choir out of hospices, hospitals and seniors' homes they would usually sing in. Some choirs have responded by getting creative. https://t.co/lg57IQkh0f @HaydnWatters",,
150,2020-04-13T02:00:27.000Z,1249517775418208262,1249517775418208262,6433472,en,"{'retweet_count': 36, 'reply_count': 17, 'like_count': 106, 'quote_count': 4}",Buffer,everyone,Quebec has taken charge of a Dorval seniors' residence following several deaths related to COVID-19. https://t.co/dmwflGjtT5 @ColinnHarris,,
151,2020-04-12T06:00:31.000Z,1249215802756268039,1249215802756268039,6433472,en,"{'retweet_count': 443, 'reply_count': 27, 'like_count': 2007, 'quote_count': 68}",Buffer,everyone,"A hotline launched by Calgary high school students offers pre-recorded jokes, stories, motivational passages and poems for seniors in self-isolation. https://t.co/ab5XEhsbxN",,
152,2020-04-12T03:00:18.000Z,1249170450204241920,1249170450204241920,6433472,en,"{'retweet_count': 47, 'reply_count': 63, 'like_count': 156, 'quote_count': 21}",Buffer,everyone,Ontario's top senior care expert says older people should look at their end-of-life care plans now. https://t.co/YIMZvf8JT4 @checkupcbc,,
153,2020-04-10T22:30:00.000Z,1248740038583693313,1248740038583693313,6433472,en,"{'retweet_count': 72, 'reply_count': 19, 'like_count': 289, 'quote_count': 8}",Twitter Media Studio,everyone,"Dr. Nadia Alam, an Ontario family physician and anesthesiologist, tells @rosiebarton how one elderly patient with COVID-19 didn't want to be on a ventilator so he can die “looking at the sky” and talking to his family. https://t.co/ZraFiX6NhP",,
154,2020-04-10T18:07:20.000Z,1248673938525360128,1248673938525360128,6433472,en,"{'retweet_count': 124, 'reply_count': 30, 'like_count': 406, 'quote_count': 75}",Twitter Media Studio,everyone,"Dr. Nadia Alam of Georgetown, Ont., tells @rosiebarton how one elderly patient didn't want to be on a ventilator and how her children are afraid that she, too, may get sick. https://t.co/zu5zbCSPTx",,
155,2020-04-09T10:00:09.000Z,1248188946464624641,1248188946464624641,6433472,en,"{'retweet_count': 9, 'reply_count': 0, 'like_count': 121, 'quote_count': 0}",Buffer,everyone,The seniors' home they live at is closed to visitors. So a couple who met at a dance as teenagers celebrated their 64th anniversary with family virtually. https://t.co/QpsRcPlXve @_kate_kyle,,
156,2020-04-04T15:00:21.000Z,1246452553824559104,1246452553824559104,6433472,en,"{'retweet_count': 28, 'reply_count': 6, 'like_count': 90, 'quote_count': 5}",Buffer,everyone,"As Canadians isolate, many are gaining empathy for the reality seniors face. How can Canadians help seniors through the COVID-19 pandemic? https://t.co/76yxZUUloO @nicireland_news",,
157,2020-04-03T13:30:37.000Z,1246067583071195136,1246067583071195136,6433472,en,"{'retweet_count': 54, 'reply_count': 31, 'like_count': 71, 'quote_count': 14}",Buffer,everyone,"Pharmacies are now filling prescriptions monthly, instead of once every three months, as COVID-19 sparks supply fears. 
But they're still charging the same dispensing fees per prescription. https://t.co/1EqiQG66uk @cbcRosa",,
158,2020-03-29T17:00:35.000Z,1244308482679070721,1244308482679070721,6433472,en,"{'retweet_count': 39, 'reply_count': 56, 'like_count': 217, 'quote_count': 6}",Buffer,everyone,Prime Minister Justin Trudeau said the federal government is pledging millions to help Canadian youth and seniors whose lives have been disrupted by the COVID-19 pandemic. https://t.co/UZLPpYdjen,,
159,2020-03-27T08:00:03.000Z,1243447679969001472,1243447679969001472,6433472,en,"{'retweet_count': 6, 'reply_count': 4, 'like_count': 15, 'quote_count': 2}",Buffer,everyone,"""It's a tinderbox,"" says a seniors' advocate of COVID-19 and long-term care homes.  https://t.co/HM1lY32qzk",,
160,2020-03-26T14:01:10.000Z,1243176167655583746,1243176167655583746,6433472,en,"{'retweet_count': 47, 'reply_count': 118, 'like_count': 83, 'quote_count': 30}",Buffer,everyone,"#Analysis: The lieutenant-governor of Texas suggested this week seniors should be willing to ""take a chance on your survival"" to help protect the U.S. economy from the effects of the coronavirus pandemic. https://t.co/AnGJDKC2Wz @don_pittis",,
161,2020-03-26T11:58:27.000Z,1243145288279359489,1243145288279359489,6433472,en,"{'retweet_count': 3, 'reply_count': 2, 'like_count': 3, 'quote_count': 1}",Twitter Web App,everyone,"In today's Morning Brief newsletter: 
• Families caught in COVID-19 outbreak at B.C. care home say system left seniors at risk.
• Many passengers grounded by COVID-19 aren't getting refunds for cancelled flights.
• Staying in race shape. https://t.co/9Mw3ALZ7zA https://t.co/lAxrIgVRNy",,
162,2020-03-03T12:30:00.000Z,1234818305707380743,1234818305707380743,6433472,en,"{'retweet_count': 16, 'reply_count': 10, 'like_count': 22, 'quote_count': 3}",Buffer,everyone,"Christine Fisher, 97, had tens of thousands of dollars taken from her accounts by the Ontario woman who was her former power of attorney. https://t.co/M1oKw3uyCg @cbcsaltzman",,
163,2020-02-18T11:30:17.000Z,1229729846349135873,1229729846349135873,6433472,en,"{'retweet_count': 2, 'reply_count': 2, 'like_count': 19, 'quote_count': 2}",Buffer,everyone,Pilot study of long-term care residents tests the therapeutic effects of cannabidiol on seniors. https://t.co/M05Zr8JFhe,,
164,2020-02-14T20:30:13.000Z,1228416173131337728,1228416173131337728,6433472,en,"{'retweet_count': 23, 'reply_count': 4, 'like_count': 53, 'quote_count': 3}",Buffer,everyone,"Toronto company ReBLOOM will pick up flowers, deliver them to a local women’s shelter, hospice or seniors’ home, then compost them later. https://t.co/HJKygLOjdn @ieva_lucs",,
165,2020-02-13T17:00:00.000Z,1228000882811428865,1228000882811428865,6433472,en,"{'retweet_count': 7, 'reply_count': 5, 'like_count': 72, 'quote_count': 3}",Buffer,everyone,"One Ontario hospital is trying to lessen its ""hallway medicine"" problem by forming a new team of health-care workers to help seniors avoid the hospital by boosting home supports. https://t.co/HRtS9GYGL6 @CBCQueensPark",,
166,2020-02-10T17:01:30.000Z,1226914096085454850,1226914096085454850,6433472,en,"{'retweet_count': 26, 'reply_count': 69, 'like_count': 75, 'quote_count': 12}",Buffer,everyone,"Unions want to preserve a rule that emphasizes seniority in the hiring of teachers, but the Ontario education minister says it ""undermines the quality of education."" https://t.co/kamhjkx0vS @CBCQueensPark",,
167,2020-01-22T04:00:28.000Z,1219832174784000000,1219832174784000000,6433472,en,"{'retweet_count': 11, 'reply_count': 5, 'like_count': 30, 'quote_count': 2}",Buffer,everyone,"Making sure retiring baby boomers have enough money as they leave the workforce could be a major challenge, and where experts say we could see changes in policy. https://t.co/FBtBWNWral",,
168,2019-12-08T17:00:07.000Z,1203720927051161600,1203720927051161600,6433472,en,"{'retweet_count': 9, 'reply_count': 1, 'like_count': 26, 'quote_count': 0}",Buffer,everyone,"More than two decades later, CBC Podcasts has found Lawrence's family. https://t.co/yAiOJy3cfk",,
169,2019-11-26T04:00:32.000Z,1199176083385593856,1199176083385593856,6433472,en,"{'retweet_count': 9, 'reply_count': 6, 'like_count': 33, 'quote_count': 0}",Buffer,everyone,"The program enlists ""snow buddies"" to clear and maintain walkways and sidewalks for seniors and people with disabilities.
https://t.co/DuLwSGyMgT",,
170,2019-11-11T18:30:26.000Z,1193959183122604034,1193959183122604034,6433472,en,"{'retweet_count': 17, 'reply_count': 5, 'like_count': 78, 'quote_count': 0}",Buffer,everyone,"Colonialism has left some young Inuit in Cambridge Bay, Nunavut, struggling to connect with their culture. But a group of grandmothers is fighting to change that. https://t.co/0yRLrqNkFf @_kate_kyle https://t.co/HnXqLI1f3a",,
171,2019-10-31T11:30:30.000Z,1189867235919175680,1189867235919175680,6433472,en,"{'retweet_count': 216, 'reply_count': 22, 'like_count': 1019, 'quote_count': 114}",Buffer,everyone,Some of the seniors wear white makeup and hide in caskets to jump out and scare unsuspecting guests. https://t.co/W07qJUHXq7,,
172,2019-10-30T17:30:31.000Z,1189595450913034240,1189595450913034240,6433472,en,"{'retweet_count': 14, 'reply_count': 5, 'like_count': 28, 'quote_count': 0}",Buffer,everyone,A push to create a national Silver Alert system that would attempt to help locate elderly individuals suffering from diseases like Alzheimer's and dementia has so far been met with a cool response from jurisdictions across the country. https://t.co/Z94YvRk7BN @markgollom,,
173,2019-10-17T00:00:19.000Z,1184620114169212929,1184620114169212929,6433472,en,"{'retweet_count': 109, 'reply_count': 166, 'like_count': 386, 'quote_count': 38}",Buffer,everyone,"If elected, Scheer says he will introduce penalties for politicians who violate the Conflict of Interest Act that are ""proportional to the severity of the violation and the seniority of the offender."" https://t.co/l1CyTt2Mab @peterzimonjic",,
174,2019-10-12T14:00:06.000Z,1183019513572446210,1183019513572446210,6433472,en,"{'retweet_count': 48, 'reply_count': 225, 'like_count': 223, 'quote_count': 27}",Buffer,everyone,"""From students to seniors and everyone in between — if you pay income tax, you will pay less under my government,"" says Conservative Leader Andrew Scheer. https://t.co/Nlec6Zz1lQ #elxn43",,
175,2019-10-09T11:30:18.000Z,1181894653194489866,1181894653194489866,6433472,en,"{'retweet_count': 11, 'reply_count': 7, 'like_count': 19, 'quote_count': 1}",Buffer,everyone,"Currently, some 40 per cent of older adults take five or more medications per day. https://t.co/5x43UQJZ4Z",,
176,2019-09-28T23:00:22.000Z,1178082046918500352,1178082046918500352,6433472,en,"{'retweet_count': 15, 'reply_count': 23, 'like_count': 12, 'quote_count': 1}",Buffer,everyone,The elderly widow of a Canadian soldier was denied a survivor's benefit and died last December with her long-standing fight over the benefit still unresolved. https://t.co/8vjSMgkPnI @Murray_Brewster,,
177,2019-09-24T13:01:05.000Z,1176481681022312448,1176481681022312448,6433472,en,"{'retweet_count': 21, 'reply_count': 12, 'like_count': 25, 'quote_count': 6}",Buffer,everyone,"Almost two-thirds of Ontario seniors who received regular vitamin B12 shots either had tests confirm they already had normal B12 levels, or weren't tested at all. https://t.co/h9k5vSj7bd @VikCBC",,
178,2019-09-23T18:00:35.000Z,1176194665990819840,1176194665990819840,6433472,en,"{'retweet_count': 9, 'reply_count': 11, 'like_count': 31, 'quote_count': 5}",Buffer,everyone,"#Analysis: Young and poor people may need help most, but during elections, political parties save their best handouts for the middle class and the elderly, because they vote in greater numbers. https://t.co/aZ5ShvtYQA @don_pittis",,
179,2019-09-20T19:00:00.000Z,1175122455515619329,1175122455515619329,6433472,en,"{'retweet_count': 10, 'reply_count': 16, 'like_count': 24, 'quote_count': 1}",Buffer,everyone,"""Seniorpreneurs"" are part of a quickly growing group of older Canadians who are working beyond the traditional retirement age of 65, as savings rates for all Canadians stall below two per cent. https://t.co/7E0IzQqxAl @JacquelineCBC",,
180,2019-09-18T17:30:04.000Z,1174375046116192257,1174375046116192257,6433472,en,"{'retweet_count': 13, 'reply_count': 64, 'like_count': 47, 'quote_count': 6}",Buffer,everyone,The Liberals are offering new financial supports for seniors — but no independent analysis of how much they would cost Canadians. https://t.co/YMAJ6qN6wP @OttawaReporter,,
181,2019-09-11T08:00:03.000Z,1171694882290843648,1171694882290843648,6433472,en,"{'retweet_count': 6, 'reply_count': 1, 'like_count': 53, 'quote_count': 1}",Buffer,everyone,"""I had a little bit of trouble with my eye and a cataract bothered me a little bit, but I'm doing my best,"" said Louie Smith, whose lifelong dream was to learn to read in English. https://t.co/ZQi0j114Wk @MikeRudyk",,
182,2019-09-04T05:00:09.000Z,1169112891678699520,1169112891678699520,6433472,en,"{'retweet_count': 10, 'reply_count': 11, 'like_count': 23, 'quote_count': 2}",Buffer,everyone,"Senior citizens were the fastest growing age group by far this year in Calgary, 2019 census reveals. https://t.co/g5oD164OJD",,
183,2019-08-29T16:00:42.000Z,1167104798660993030,1167104798660993030,6433472,en,"{'retweet_count': 15, 'reply_count': 8, 'like_count': 32, 'quote_count': 1}",Buffer,everyone,The founders of Support Our Seniors in St. John's say the elderly not getting enough government assistance to live comfortably. https://t.co/KOIibSUfc0,,
184,2019-08-10T23:00:25.000Z,1160325055433367553,1160325055433367553,6433472,en,"{'retweet_count': 60, 'reply_count': 5, 'like_count': 306, 'quote_count': 8}",Buffer,everyone,"N.W.T. elders hosted a special rites of passage camp for LGBTQ, gender-fluid and two-spirit youth transitioning into adulthood last weekend in Fort Providence. https://t.co/qluVufcYBa",,
185,2019-08-10T13:00:01.000Z,1160173958236389377,1160173958236389377,6433472,en,"{'retweet_count': 12, 'reply_count': 30, 'like_count': 117, 'quote_count': 3}",Buffer,everyone,John Tory says Toronto city staff who were investigating a $1.25 buy-in for the games at a community centre should back off and let senior citizens play in peace. https://t.co/TWXrBiN7lf,,
186,2019-08-02T22:00:11.000Z,1157410792846843904,1157410792846843904,6433472,en,"{'retweet_count': 37, 'reply_count': 7, 'like_count': 73, 'quote_count': 3}",Buffer,everyone,Many LGBTQ seniors say discrimination at long-term care facilities can force them back into the closet in their final years. A new national research project is hoping to change that. https://t.co/61H6gksB3w,,
187,2019-08-01T01:15:36.000Z,1156735194738634752,1156735194738634752,6433472,en,"{'retweet_count': 10, 'reply_count': 2, 'like_count': 15, 'quote_count': 2}",Buffer,everyone,Elizabeth Wettlaufer pleaded guilty to killing eight seniors over a decade. Here is how friends and family are remembering those victims. https://t.co/4dX02lODrk,,
188,2019-07-25T19:30:22.000Z,1154473986572480513,1154473986572480513,6433472,en,"{'retweet_count': 12, 'reply_count': 2, 'like_count': 18, 'quote_count': 3}",Buffer,everyone,"Police have long said foul play is suspected in the missing-persons cases of four seniors, who all vanished from the Muskoka area. https://t.co/GVUeK7Clpx",,
189,2019-07-25T10:00:21.000Z,1154330538272022528,1154330538272022528,6433472,en,"{'retweet_count': 9, 'reply_count': 0, 'like_count': 10, 'quote_count': 2}",Buffer,everyone,"The heat is putting pressure on authorities to help protect the elderly and the sick. Air conditioning is not common at homes, offices, schools or hospitals in European cities. https://t.co/4s2mJA6WlW",,
190,2019-07-12T09:00:02.000Z,1149604317243965440,1149604317243965440,6433472,en,"{'retweet_count': 23, 'reply_count': 7, 'like_count': 43, 'quote_count': 1}",Buffer,everyone,"The most common result of an elderly person's fall is a hip fracture, followed by a concussion. https://t.co/AswNrA2bgo",,
191,2019-06-29T04:00:41.000Z,1144817941197860866,1144817941197860866,6433472,en,"{'retweet_count': 11, 'reply_count': 10, 'like_count': 14, 'quote_count': 0}",Buffer,everyone,"Thousands of schools were closed, outdoor events cancelled and volunteers were visiting the elderly at home as France and other nations battle a record-setting heat wave baking much of Europe. https://t.co/npSwYrDwXT",,
192,2019-06-20T17:30:05.000Z,1141760143098634240,1141760143098634240,6433472,en,"{'retweet_count': 12, 'reply_count': 3, 'like_count': 39, 'quote_count': 3}",Buffer,everyone,More than a dozen residents at a Chinese nursing home in Toronto are part of the fastest growing age group in Canada — people 100 years old and older. https://t.co/BczpIggaUv @nicolebrockbank,,
193,2019-06-13T16:30:12.000Z,1139208357670207488,1139208357670207488,6433472,en,"{'retweet_count': 10, 'reply_count': 3, 'like_count': 11, 'quote_count': 0}",Buffer,everyone,Jim Holton's creeping illness prevented him from filling out paperwork when he turned 65. https://t.co/gMPK6OVTnB,,
194,2019-06-03T00:30:38.000Z,1135342994113081349,1135342994113081349,6433472,en,"{'retweet_count': 28, 'reply_count': 17, 'like_count': 37, 'quote_count': 12}",Buffer,everyone,An elderly couple was lost for nearly 12 hours at Vancouver airport — treatment one advocate for people with disabilities is blaming on Canada’s lax airline laws. https://t.co/FFMEqClYDK @cbcgopublic @cbcRosa https://t.co/itIE3rVhe4,,
195,2019-05-23T10:00:04.000Z,1131500031637446656,1131500031637446656,6433472,en,"{'retweet_count': 17, 'reply_count': 3, 'like_count': 23, 'quote_count': 1}",Buffer,everyone,"In 2018 Canadian caregivers and care receivers spent more than $9 billion out-of-pocket to care for their loved ones, according to the Canadian Medical Association. https://t.co/GFQsGiVLiT",,
196,2019-04-28T06:00:05.000Z,1122379939716706304,1122379939716706304,6433472,en,"{'retweet_count': 1, 'reply_count': 1, 'like_count': 22, 'quote_count': 0}",Buffer,everyone,Both the senior women's and men's teams captured gold and the mixed doubles duo of Jocelyn Peterman and Brett Gallant earned silver. https://t.co/XJUuHJrU4Q,,
197,2019-04-10T17:30:34.000Z,1116030725332111361,1116030725332111361,6433472,en,"{'retweet_count': 10, 'reply_count': 7, 'like_count': 10, 'quote_count': 0}",Buffer,everyone,Nunavut elder and former MLA Peter Kattuk has been waiting in Winnipeg for a home dialysis assessment since January. https://t.co/ULAWiDyBKS @kristinannable @JillianLTaylor,,
198,2019-04-01T10:00:17.000Z,1112655919039635457,1112655919039635457,6433472,en,"{'retweet_count': 9, 'reply_count': 4, 'like_count': 11, 'quote_count': 2}",Buffer,everyone,"Infants, children, seniors and people with weakened immune systems are at a higher risk of serious illness. https://t.co/nIwygXz5CH",,
199,2019-03-22T19:30:30.000Z,1109175537438806016,1109175537438806016,6433472,en,"{'retweet_count': 5, 'reply_count': 32, 'like_count': 8, 'quote_count': 3}",Buffer,everyone,"Angry, drunk and high on meth, Stephanie Favel pushed an elderly stranger off a Calgary train platform and forever changed the victim's life. https://t.co/PVOMmkqJYE @CBCMeg",,
200,2019-03-22T12:00:34.000Z,1109062306946793474,1109062306946793474,6433472,en,"{'retweet_count': 28, 'reply_count': 33, 'like_count': 45, 'quote_count': 6}",Buffer,everyone,Ontario police say several people at a seniors' community luncheon required medical attention after eating chocolate cake brownies with cannabis. https://t.co/geg7QUYSHN,,
201,2019-03-19T20:12:39.000Z,1108098980599218178,1108098980599218178,6433472,en,"{'retweet_count': 19, 'reply_count': 25, 'like_count': 36, 'quote_count': 11}",Twitter Web Client,everyone,"Breaking: Finance Minister Bill Morneau tables pre-election budget. It's designed to target key electoral constituencies: millennials, workers, businesses and seniors. https://t.co/60PnPSRbDv",,
202,2019-02-17T17:00:26.000Z,1097178972574674944,1097178972574674944,6433472,en,"{'retweet_count': 18, 'reply_count': 10, 'like_count': 32, 'quote_count': 3}",Buffer,everyone,"According to the Canadian Institute for Health Information (CIHI), unintentional falls were the most common form of injury across the country in 2017, resulting in nearly 1,800 emergency-room visits each day. https://t.co/yXlDL2q4Zn @kasroussy",,
203,2019-02-15T03:00:16.000Z,1096242764214403073,1096242764214403073,6433472,en,"{'retweet_count': 0, 'reply_count': 8, 'like_count': 12, 'quote_count': 4}",Buffer,everyone,Some seniors aren't totally sold on Tinder's take on dating. https://t.co/QTJFyYIlVc @stobincbc @KatieBreenNL,,
204,2019-02-05T12:30:13.000Z,1092762318214176768,1092762318214176768,6433472,en,"{'retweet_count': 10, 'reply_count': 14, 'like_count': 18, 'quote_count': 4}",Buffer,everyone,"CBC in Venezuela: Food, water and medicine are in short supply in Caracas at a home for seniors with nowhere else to turn. https://t.co/w1QGnwzZPH",,
205,2019-02-03T18:00:00.000Z,1092120534488416256,1092120534488416256,6433472,en,"{'retweet_count': 8, 'reply_count': 0, 'like_count': 31, 'quote_count': 2}",Buffer,everyone,The Sherbrooke Community Centre in Saskatoon is on a very short list of facilities studied and cited by the Alzheimer's Society as having an approach which emphasizes continued independence. https://t.co/kFJF9VEOig @davidcommon,,
206,2019-01-31T11:00:06.000Z,1090927698782896130,1090927698782896130,6433472,en,"{'retweet_count': 9, 'reply_count': 4, 'like_count': 16, 'quote_count': 1}",Buffer,everyone,"Staff shortages and dementia are contributing to violence in long-term care homes, advocates say. https://t.co/PH0OuxpdHq",,
207,2019-01-21T13:00:37.000Z,1087334148874928128,1087334148874928128,6433472,en,"{'retweet_count': 49, 'reply_count': 421, 'like_count': 122, 'quote_count': 64}",Buffer,everyone,"""These young people were just roughshodding through our space,"" says indigenous elder Nathan Phillips. https://t.co/d4hBdn6wob",,
208,2019-01-21T08:00:14.000Z,1087258555865014273,1087258555865014273,6433472,en,"{'retweet_count': 9, 'reply_count': 1, 'like_count': 13, 'quote_count': 1}",Buffer,everyone,Bagida-waad Alliance are collecting information on changes over time from local fishing families and Elders. https://t.co/tn7WApgg3j @rhijhnsn,,
209,2019-01-19T22:39:56.000Z,1086755162444713986,1086715778404110338,6433472,en,"{'retweet_count': 66, 'reply_count': 604, 'like_count': 350, 'quote_count': 165}",Twitter Web Client,everyone,"The original tweet on this story lacked context. The circulating video shows a youth wearing a ""Make America Great Again"" hat standing extremely close an elderly Native American as he chants and plays a drum. Other youths surrounded them, laughing and shouting. ^ph",6433472,"[{'type': 'replied_to', 'id': '1086715778404110338'}]"
210,2019-01-14T11:30:14.000Z,1084774686699982849,1084774686699982849,6433472,en,"{'retweet_count': 55, 'reply_count': 35, 'like_count': 45, 'quote_count': 8}",Buffer,everyone,"""The driver knew that he was aggressive … said not to talk to him … He's a little dangerous.""
Senior beaten by another passenger while taking transit for the elderly and disabled. https://t.co/CFs3gLCNnj @cbcRosa @cbcgopublic",,
211,2019-01-07T19:30:24.000Z,1082358809992011776,1082358809992011776,6433472,en,"{'retweet_count': 8, 'reply_count': 2, 'like_count': 17, 'quote_count': 1}",Buffer,everyone,"More and more people are living alone, whether by choice or circumstance, so that one in every 10 people in N.L. — nearly 54,000 people — now lives by themselves. https://t.co/qX8hl0OVwi",,
212,2019-01-03T19:30:05.000Z,1080909181408940032,1080909181408940032,6433472,en,"{'retweet_count': 45, 'reply_count': 2, 'like_count': 67, 'quote_count': 4}",Buffer,everyone,"For both seniors and younger people, drawing has a ""surprisingly powerful influence"" on memory, a Canadian study has found. https://t.co/Z9E3Q44B5m",,
213,2018-12-27T03:00:00.000Z,1078123302785335298,1078123302785335298,6433472,en,"{'retweet_count': 60, 'reply_count': 3, 'like_count': 323, 'quote_count': 7}",Buffer,everyone,"An 87-year-old PEI woman, who has fostered 139 kids over 40 years, is volunteering with seniors younger than herself. https://t.co/XRUOKvfB78",,
214,2018-12-21T19:30:19.000Z,1076198197415038976,1076198197415038976,6433472,en,"{'retweet_count': 5, 'reply_count': 4, 'like_count': 40, 'quote_count': 4}",Buffer,everyone,"Thank you for being a friend.
Travelled down the road and back again… https://t.co/CTHjhhRs1h @kasroussy",,
215,2018-12-18T06:00:02.000Z,1074907119911100416,1074907119911100416,6433472,en,"{'retweet_count': 15, 'reply_count': 9, 'like_count': 19, 'quote_count': 1}",Buffer,everyone,"The caregiver admitted to regularly withdrawing $1,000 in cash a day from the couple's chequing and savings accounts https://t.co/L0WwHch5lo",,
216,2018-12-14T02:30:02.000Z,1073404719257800704,1073404719257800704,6433472,en,"{'retweet_count': 15, 'reply_count': 11, 'like_count': 16, 'quote_count': 2}",Buffer,everyone,"The daughter of an elderly man in Saskatoon says she feels like not enough is being done to keep her dad safe at his home. Her dad has fallen about 17 times since the middle of June, she says. https://t.co/VozFxOdqsO",,
217,2018-12-04T01:00:16.000Z,1069758247635161088,1069758247635161088,6433472,en,"{'retweet_count': 11, 'reply_count': 7, 'like_count': 9, 'quote_count': 0}",Buffer,everyone,Julie Mitchell said her father experienced the psychological effects of being restrained even though he had dementia https://t.co/9Or0mK3AlJ,,
218,2018-11-26T01:15:00.000Z,1066862853930590209,1066862853930590209,6433472,en,"{'retweet_count': 40, 'reply_count': 17, 'like_count': 74, 'quote_count': 4}",Buffer,everyone,"Diane McEwen-Loveys wants police to take suspected financial crimes against the elderly more seriously after her father lost $250,000 and police declined to investigate. https://t.co/Nz7NDhxlkn @cbcgopublic @cbcErica",,
219,2018-11-18T17:30:01.000Z,1064209124240564224,1064209124240564224,6433472,en,"{'retweet_count': 8, 'reply_count': 2, 'like_count': 12, 'quote_count': 0}",Buffer,everyone,Canada Border Services Agency warns that elderly people are disproportionately targeted by drug traffickers https://t.co/gnvSRhwXXS,,
220,2018-11-18T01:30:10.000Z,1063967567667175425,1063967567667175425,6433472,en,"{'retweet_count': 8, 'reply_count': 1, 'like_count': 9, 'quote_count': 0}",Buffer,everyone,"She was among 128 people aboard a plane when it overshot the runway at Cheddi Jagan airport, in Guyana https://t.co/qPW22s2XQu",,
221,2018-10-24T11:00:43.000Z,1055051453809745920,1055051453809745920,6433472,en,"{'retweet_count': 12, 'reply_count': 2, 'like_count': 33, 'quote_count': 2}",Buffer,everyone,Groups representing elderly and low-income Canadians say too many companies' sales practices cross the line. https://t.co/AGVZ5ntbcp,,
222,2018-10-22T23:30:12.000Z,1054515293438009344,1054515293438009344,6433472,en,"{'retweet_count': 11, 'reply_count': 0, 'like_count': 28, 'quote_count': 1}",Buffer,everyone,"Marshall was devoted to the promotion and preservation of Mi’kmaq culture, language, spirituality https://t.co/IbqRPr0UFd",,
223,2018-10-22T14:01:00.000Z,1054372050834468864,1054372050834468864,6433472,en,"{'retweet_count': 28, 'reply_count': 12, 'like_count': 39, 'quote_count': 4}",Buffer,everyone,"Public health information leading up to pot legalization was focused largely on youth, experts say, but ""rates of use among seniors is growing the fastest."" https://t.co/w2J5gXtmlC @nicireland_news",,
224,2018-10-09T02:00:31.000Z,1049479691655110656,1049479691655110656,6433472,en,"{'retweet_count': 47, 'reply_count': 15, 'like_count': 155, 'quote_count': 2}",Buffer,everyone,"'For once, we're telling our history, and not yours,' Indigenous elder Billy Lewis said. https://t.co/uAStCnNNOB",,
225,2018-10-07T17:30:03.000Z,1048988840210452481,1048988840210452481,6433472,en,"{'retweet_count': 5, 'reply_count': 3, 'like_count': 9, 'quote_count': 1}",Buffer,everyone,Goal is to help steer medical professionals through possible risks and benefits of pot for seniors. https://t.co/9Wi3fbhrbn @CBCOlivia,,
226,2018-10-01T03:00:00.000Z,1046595557781917697,1046595557781917697,6433472,en,"{'retweet_count': 10, 'reply_count': 14, 'like_count': 17, 'quote_count': 2}",Buffer,everyone,"""We believe in ceremony and elders"" teachings and programming to address trauma,' says Claire Carefoot. https://t.co/nVHSlpegkI @duncanmccue",,
227,2018-09-29T18:00:10.000Z,1046097315994521600,1046097315994521600,6433472,en,"{'retweet_count': 2, 'reply_count': 0, 'like_count': 16, 'quote_count': 1}",Buffer,everyone,Ruth Campbell was in hospital when a fallen tree cut through her kitchen. https://t.co/gORHCAJSj0 @faganl,,
228,2018-09-22T17:30:00.000Z,1043553008800419840,1043553008800419840,6433472,en,"{'retweet_count': 7, 'reply_count': 5, 'like_count': 28, 'quote_count': 2}",Buffer,everyone,"#Newsletter: Researcher aims to raise awareness of the ""sexual rights of older adults."" https://t.co/4Sv2CoWc9l @kasroussy",,
229,2018-09-17T20:30:01.000Z,1041786374695919617,1041786374695919617,6433472,en,"{'retweet_count': 18, 'reply_count': 4, 'like_count': 19, 'quote_count': 2}",Buffer,everyone,"Most people won't benefit from taking daily low-dose aspirin to prevent a first heart attack, new research has found. https://t.co/xk1nDirMtL",,
230,2018-09-06T11:30:09.000Z,1037664242810462209,1037664242810462209,6433472,en,"{'retweet_count': 116, 'reply_count': 14, 'like_count': 336, 'quote_count': 22}",Buffer,everyone,"A co-generational housing program ""connects students who are looking for affordable housing with seniors who have a spare room,"" says its founder. https://t.co/xTnsAxtvx2 @kasroussy",,
231,2018-08-20T15:30:37.000Z,1031564168091107328,1031564168091107328,6433472,en,"{'retweet_count': 27, 'reply_count': 5, 'like_count': 114, 'quote_count': 3}",Buffer,everyone,Dozens of elderly South Koreans crossed the heavily fortified border into North Korea for heart-wrenching meetings with relatives separated by the turmoil of the Korean War. https://t.co/SEULXsU0iX,,
232,2018-08-19T01:00:04.000Z,1030982695709540352,1030982695709540352,6433472,en,"{'retweet_count': 18, 'reply_count': 1, 'like_count': 81, 'quote_count': 0}",Buffer,everyone,"The 95-year-old Marvel Comics mogul renewed the protective order Friday against Keya Morgan, who is accused of elder abuse. https://t.co/t5ijYCKYml",,
233,2018-07-20T13:30:11.000Z,1020299835407314946,1020299835407314946,6433472,en,"{'retweet_count': 12, 'reply_count': 13, 'like_count': 14, 'quote_count': 2}",Buffer,everyone,A 60-year-old woman has been charged with aggravated assault after an 85-year-old woman was struck by a vehicle at an Edmonton KFC https://t.co/nFH7OY1WuD,,
234,2018-07-18T14:18:46.000Z,1019587285677993985,1019587285677993985,6433472,en,"{'retweet_count': 44, 'reply_count': 52, 'like_count': 97, 'quote_count': 11}",TweetDeck,everyone,"BREAKING: PM Justin Trudeau has made significant changes to his cabinet, bringing five new ministers to the table and creating new portfolios for seniors, intergovernmental affairs and border security. https://t.co/TKrT5fP0Av",,
235,2018-07-08T23:00:41.000Z,1016094752725401600,1016094752725401600,6433472,en,"{'retweet_count': 42, 'reply_count': 1, 'like_count': 34, 'quote_count': 0}",Buffer,everyone,"Age and chronic health issues are both frequently cited risk factors during heat waves, but why? https://t.co/AfDEkIJupB https://t.co/jQE2v4VGDn",,
236,2018-07-07T13:00:06.000Z,1015581222590967808,1015581222590967808,6433472,en,"{'retweet_count': 8, 'reply_count': 1, 'like_count': 11, 'quote_count': 1}",Buffer,everyone,"Age and chronic health issues are both frequently cited risk factors during heat waves, but why?  https://t.co/AfDEkIJupB @nicireland_news",,
237,2018-06-28T14:00:48.000Z,1012335006969102336,1012335006969102336,6433472,en,"{'retweet_count': 25, 'reply_count': 12, 'like_count': 30, 'quote_count': 4}",Buffer,everyone,"""Those straight people who were harassing us and beating us back then are now our ages too, right? Now we are the same age in long-term facilities together…"" https://t.co/8wYiscHoLR @nickpurdoncbc @LeoPalleja",,
238,2018-06-26T16:30:24.000Z,1011647879558156290,1011647879558156290,6433472,en,"{'retweet_count': 31, 'reply_count': 9, 'like_count': 59, 'quote_count': 5}",Buffer,everyone,"Unpaid caregivers of seniors with dementia spend an average of 26 hours a week providing care, a new study shows https://t.co/5fKJ8ElnKM",,
239,2018-06-26T01:30:13.000Z,1011421340253999104,1011421340253999104,6433472,en,"{'retweet_count': 20, 'reply_count': 12, 'like_count': 19, 'quote_count': 3}",Buffer,everyone,"B.C. is short about 2,800 caregivers for those in assisted living and home health care, according to the B.C. Care Providers Association https://t.co/hlR7S3K83y",,
240,2018-06-25T16:30:33.000Z,1011285530724720642,1011285530724720642,6433472,en,"{'retweet_count': 12, 'reply_count': 5, 'like_count': 45, 'quote_count': 9}",Buffer,everyone,5 Alberta seniors are spending their golden years elbow deep in pot plants at licensed cannabis producer. https://t.co/3tkxlN0aPy @_rossandrea,,
241,2018-06-18T11:00:26.000Z,1008665737756626946,1008665737756626946,6433472,en,"{'retweet_count': 17, 'reply_count': 2, 'like_count': 23, 'quote_count': 2}",Buffer,everyone,"A magnitude 6.1 earthquake struck near Osaka, killing a young girl at school as well as two seniors. https://t.co/WM5hWMpAW4",,
242,2018-06-17T00:05:27.000Z,1008138515698405376,1008138515698405376,6433472,en,"{'retweet_count': 723, 'reply_count': 63, 'like_count': 1882, 'quote_count': 145}",Buffer,everyone,A long-term care facility took a bench to this Toronto park and invited the community to talk to seniors https://t.co/x5L7YEIBBX @TalRicci https://t.co/Vrr1WmtKUz,,
243,2018-06-14T13:30:49.000Z,1007254031566336000,1007254031566336000,6433472,en,"{'retweet_count': 2, 'reply_count': 5, 'like_count': 9, 'quote_count': 3}",Buffer,everyone,Consumer advocacy groups are taking aim at Koodo for its decision to stop offering wireless customers the option of receiving a monthly paper bill. https://t.co/u1LUhLS7TL @sophiaharrisCBC,,
244,2018-05-17T11:00:11.000Z,997069262291460101,997069262291460101,6433472,en,"{'retweet_count': 19, 'reply_count': 1, 'like_count': 81, 'quote_count': 5}",Buffer,everyone,A rambunctious band of three year-olds and a group of seniors with early stages of dementia have become weekly playmates https://t.co/uSmCVGLByk https://t.co/SRLxrE0KnX,,
245,2018-04-29T08:00:06.000Z,990500961021030400,990500961021030400,6433472,en,"{'retweet_count': 5, 'reply_count': 5, 'like_count': 44, 'quote_count': 0}",Buffer,everyone,The B.C. Badgers play in a senior men's division and every player on the roster is a woman. https://t.co/pJw5K3kCB3 @Jesse_Johnston,,
246,2018-04-25T09:00:10.000Z,989066524706136064,989066524706136064,6433472,en,"{'retweet_count': 12, 'reply_count': 6, 'like_count': 19, 'quote_count': 1}",Buffer,everyone,"Elderly who are prescribed opioids may be at higher risk of fall-related injuries, new research suggests https://t.co/2gNzZQLZht",,
247,2018-03-26T07:00:28.000Z,978164764890357760,978164764890357760,6433472,en,"{'retweet_count': 4, 'reply_count': 1, 'like_count': 30, 'quote_count': 2}",Buffer,everyone,Yukon College leads the way in integrating Indigenous culture into student life. https://t.co/F6coGDq7lZ,,
248,2018-03-12T13:49:59.000Z,973194396291207170,973194150119079937,6433472,en,"{'retweet_count': 0, 'reply_count': 1, 'like_count': 7, 'quote_count': 0}",Twitter Web Client,everyone,3/7 These twerking Russian seniors have something to say. https://t.co/fKIgN5mBT7 https://t.co/f2f90JLyDv,6433472,"[{'type': 'replied_to', 'id': '973194277537943552'}]"
249,2018-03-12T01:00:02.000Z,973000628849999872,973000628849999872,6433472,en,"{'retweet_count': 7, 'reply_count': 2, 'like_count': 26, 'quote_count': 3}",Buffer,everyone,Russian seniors shoot to fame dancing in viral YouTube spoof video https://t.co/FlQFw7VUkG,,
250,2018-03-09T20:30:20.000Z,972207981680037889,972207981680037889,6433472,en,"{'retweet_count': 33, 'reply_count': 24, 'like_count': 75, 'quote_count': 7}",Buffer,everyone,"Older adults with heart disease who regularly exercise may live longer than they would if they were inactive, a new study suggests https://t.co/1zN7043hL5",,
251,2018-03-05T06:00:31.000Z,970539534084661248,970539534084661248,6433472,en,"{'retweet_count': 32, 'reply_count': 4, 'like_count': 98, 'quote_count': 1}",Buffer,everyone,Kingston senior to host Toronto information sessions on program to combat social isolation among elderly https://t.co/nEYADM7hgP,,
252,2018-02-24T12:00:07.000Z,967368540901736448,967368540901736448,6433472,en,"{'retweet_count': 10, 'reply_count': 0, 'like_count': 26, 'quote_count': 1}",Buffer,everyone,"Sharp seniors' brains may be the key to uncovering secrets about aging, researchers say https://t.co/dlrKrStgLC",,
253,2018-02-14T07:00:44.000Z,963669320554483714,963669320554483714,6433472,en,"{'retweet_count': 9, 'reply_count': 0, 'like_count': 29, 'quote_count': 0}",Buffer,everyone,The new project's co-ordinators are hoping to collect knowledge from Inuit elders to fill gaps in new research on the history of the wreckage sites https://t.co/yZy8oJ11hh,,
254,2018-02-09T12:00:21.000Z,961932779687759872,961932779687759872,6433472,en,"{'retweet_count': 9, 'reply_count': 5, 'like_count': 19, 'quote_count': 3}",Buffer,everyone,Canadian seniors least satisfied with quality of health care in international survey https://t.co/ZpH3Yku8vT https://t.co/l3xesrrheP,,
255,2018-01-29T16:11:51.000Z,958009807092543491,958009807092543491,6433472,en,"{'retweet_count': 6, 'reply_count': 0, 'like_count': 18, 'quote_count': 0}",Buffer,everyone,"Have a loved one in a nursing home?

Ask our expert about improving long-term care for the elderly. https://t.co/ffWZrrcCJS https://t.co/KmTa4ZSGA2",,
256,2018-01-19T14:30:05.000Z,954360318075039745,954360318075039745,6433472,en,"{'retweet_count': 12, 'reply_count': 11, 'like_count': 7, 'quote_count': 4}",Buffer,everyone,Staff-to-resident abuse in long-term care homes up 148% from 2011 https://t.co/5Sh6AtHMQ4 @cbcmarketplace,,
257,2018-01-17T21:30:04.000Z,953741234920722432,953741234920722432,6433472,en,"{'retweet_count': 23, 'reply_count': 5, 'like_count': 77, 'quote_count': 1}",Buffer,everyone,"Ottawa paramedics are praising a ""Good Samaritan"" who brought a woman in her 80s in from the freezing cold in south Ottawa Tuesday morning.

Read more: https://t.co/JO1sXluBMq https://t.co/t7mXr4VOgJ",,
258,2018-01-17T01:30:08.000Z,953439260207656961,953439260207656961,6433472,en,"{'retweet_count': 19, 'reply_count': 4, 'like_count': 61, 'quote_count': 1}",Buffer,everyone,"When Penny Tasco spotted an elderly stranger wandering outside in frigid conditions, she didn't hesitate to take her in. https://t.co/YxqWGnt27E",,
259,2018-01-11T12:15:03.000Z,951427231196336129,951427231196336129,6433472,en,"{'retweet_count': 541, 'reply_count': 49, 'like_count': 421, 'quote_count': 152}",Buffer,everyone,2 Winnipeg seniors killed in Jamaica in apparent botched robbery https://t.co/j6aoox81rV https://t.co/uCwoH4rh1A,,
260,2018-01-03T11:58:42.000Z,948524014774956033,948523998614380545,6433472,en,"{'retweet_count': 2, 'reply_count': 3, 'like_count': 12, 'quote_count': 1}",Twitter Web Client,everyone,6/7 Why some people think seniors should get the new shingles shot for free. https://t.co/xMRL2yMK8E https://t.co/aoS7Or3JRS,6433472,"[{'type': 'replied_to', 'id': '948524010937208833'}]"
