,created_at,id,conversation_id,author_id,lang,public_metrics,source,reply_settings,text,referenced_tweets,in_reply_to_user_id
0,2022-02-11T19:43:47.000Z,1492222856482197506,1492222856482197506,14216661,en,"{'retweet_count': 3, 'reply_count': 4, 'like_count': 2, 'quote_count': 1}",Echobox,everyone,Number of seniors seeking help with debt is rising dramatically — here are some common causes https://t.co/6qxEwVwlO1,,
1,2022-02-01T13:22:24.000Z,1488502997671989250,1488502997671989250,14216661,en,"{'retweet_count': 1, 'reply_count': 4, 'like_count': 10, 'quote_count': 2}",Echobox,everyone,Financial abuse of seniors a growing problem amid pandemic isolation https://t.co/OrbRWMQdQ3,,
2,2022-01-31T21:49:02.000Z,1488268108355837954,1488268108355837954,14216661,en,"{'retweet_count': 1, 'reply_count': 0, 'like_count': 2, 'quote_count': 1}",Echobox,everyone,"When care partners of older adults first encounter symptoms of dementia, many assume the symptoms are a normal part of aging. This lack of knowledge needs to be addressed to facilitate the first step in seeking dementia care - via @healthing_ca https://t.co/jQb8WmoG9M",,
3,2022-01-24T22:31:33.000Z,1485742094798966791,1485742094798966791,14216661,en,"{'retweet_count': 4, 'reply_count': 8, 'like_count': 15, 'quote_count': 1}",Echobox,everyone,"COVID-19 has amplified existing cracks in the long-term care system in Canada. We need socially innovative solutions to help seniors age safely and with dignity - via @healthing_ca

#healthing  https://t.co/TA558iDxjm",,
4,2022-01-24T19:03:48.000Z,1485689813378510849,1485689813378510849,14216661,en,"{'retweet_count': 0, 'reply_count': 2, 'like_count': 0, 'quote_count': 1}",Echobox,everyone,"According to new research from New York University, older adults who are socially isolated are more likely to lose teeth - via @healthing_ca

#healthing   https://t.co/yUR3g46qdP",,
5,2022-01-24T17:03:45.000Z,1485659601693556736,1485659601693556736,14216661,en,"{'retweet_count': 0, 'reply_count': 4, 'like_count': 2, 'quote_count': 0}",Echobox,everyone,"According to new research from New York University, older adults who are socially isolated are more likely to lose teeth - via @healthing_ca

#healthing  https://t.co/APeZL0obx4",,
6,2022-01-24T11:31:08.000Z,1485575893112299527,1485575893112299527,14216661,en,"{'retweet_count': 0, 'reply_count': 0, 'like_count': 3, 'quote_count': 1}",Echobox,everyone,"HIIT improves memory in younger and older adults in ways that standard, moderate exercise can’t - via @healthing_ca

#healthing  https://t.co/UtdjIn3zZw",,
7,2022-01-21T13:02:18.000Z,1484511673717252096,1484511673717252096,14216661,en,"{'retweet_count': 5, 'reply_count': 3, 'like_count': 11, 'quote_count': 2}",Echobox,everyone,"Experts say one of the most pressing ways to prepare for this shifting demographic is to support seniors aging at home - via @healthing_ca

#healthing  https://t.co/75JjBC3xln",,
8,2022-01-13T13:05:53.000Z,1481613470822981637,1481613470822981637,14216661,en,"{'retweet_count': 1, 'reply_count': 0, 'like_count': 1, 'quote_count': 1}",Echobox,everyone,Is the '4% rule' still the magic key to making money last in old age? https://t.co/EDP6LvO1dA,,
9,2022-01-11T16:22:54.000Z,1480938277695799302,1480938277695799302,14216661,en,"{'retweet_count': 43, 'reply_count': 8, 'like_count': 183, 'quote_count': 33}",Echobox,everyone,Cambodia's top mine-sniffing rat dies of natural causes after saving hundreds of lives https://t.co/1KG7eCNaWA https://t.co/OBNM4RtShD,,
10,2022-01-08T00:16:39.000Z,1479607947999252484,1479607947999252484,14216661,en,"{'retweet_count': 1, 'reply_count': 5, 'like_count': 7, 'quote_count': 1}",Echobox,everyone,"Across the province, orderlies in the same program are dropping out of the profession by the hundreds, according to statistics provided by the provincial health ministry - via @healthing_ca

#healthing  https://t.co/vyFkjw7tgX",,
11,2021-12-27T17:41:39.000Z,1475522277529866248,1475522277529866248,14216661,en,"{'retweet_count': 6, 'reply_count': 0, 'like_count': 13, 'quote_count': 2}",Echobox,everyone,"A new study has found that 5 or more servings of walnuts per week may lower the risk of death from cardiovascular disease by 25% among older adults and increase life expectancy by over a year - via @healthing_ca

#healthing  https://t.co/cV6X6t4EOD",,
12,2021-12-16T13:45:06.000Z,1471476480848900105,1471476480848900105,14216661,en,"{'retweet_count': 3, 'reply_count': 1, 'like_count': 3, 'quote_count': 0}",Echobox,everyone,"These tax changes in the latest fiscal update affect employees, seniors, students and more https://t.co/CW001wHDtc",,
13,2021-12-13T12:59:06.000Z,1470377742008999938,1470377742008999938,14216661,en,"{'retweet_count': 0, 'reply_count': 3, 'like_count': 3, 'quote_count': 1}",Echobox,everyone,Michael Taube: Bob Dole — an elder statesman who will be fondly remembered https://t.co/KNopkmDAnk,,
14,2021-11-29T18:10:19.000Z,1465382629881040901,1465382629881040901,14216661,en,"{'retweet_count': 6, 'reply_count': 12, 'like_count': 14, 'quote_count': 4}",Echobox,everyone,Pandemic depression persists among older adults: Study https://t.co/0cJQLbmVMY — via @healthing_ca,,
15,2021-11-27T11:56:16.000Z,1464563724879028224,1464563724879028224,14216661,en,"{'retweet_count': 12, 'reply_count': 8, 'like_count': 49, 'quote_count': 7}",Echobox,everyone,"André Pratte: The 3,901 seniors who died in Quebec's long-term care disaster deserve accountability https://t.co/mIQmHGVeYJ",,
16,2021-11-16T16:07:54.000Z,1460640783829196807,1460640783829196807,14216661,en,"{'retweet_count': 0, 'reply_count': 2, 'like_count': 2, 'quote_count': 1}",Echobox,everyone,Influx of aging baby boomers puts Canadian elder care homes on pace for record investment https://t.co/1HEtBjJ6xO,,
17,2021-11-15T15:16:18.000Z,1460265409580613638,1460265409580613638,14216661,en,"{'retweet_count': 7, 'reply_count': 6, 'like_count': 9, 'quote_count': 0}",Echobox,everyone,"Thousands of low-income families, seniors see decline in federal aid benefits, documents show https://t.co/Fog62xF9Hh",,
18,2021-11-13T23:38:00.000Z,1459666890041741314,1459666890041741314,14216661,en,"{'retweet_count': 30, 'reply_count': 28, 'like_count': 59, 'quote_count': 14}",Echobox,everyone,"Thousands of low-income families, seniors see decline in federal aid benefits, documents show https://t.co/UVFfpxn8kG",,
19,2021-11-04T14:05:45.000Z,1456261386242170894,1456261386242170894,14216661,en,"{'retweet_count': 1, 'reply_count': 3, 'like_count': 13, 'quote_count': 4}",Echobox,everyone,"While the pandemic was hard on many parts of the workforce, seniors took it on the chin https://t.co/t6qXa926Km",,
20,2021-10-27T15:33:01.000Z,1453384246689685515,1453381545583128581,14216661,en,"{'retweet_count': 0, 'reply_count': 4, 'like_count': 4, 'quote_count': 1}",Twitter Web App,everyone,"Here are the new faces in cabinet https://t.co/mqOpsdMlFa

@KamalKheraLib – Minister of Seniors

#CDNpoli https://t.co/QGDELgfZOq","[{'type': 'replied_to', 'id': '1453383998806364160'}]",14216661
21,2021-10-13T12:58:11.000Z,1448271848857288707,1448271848857288707,14216661,en,"{'retweet_count': 1, 'reply_count': 0, 'like_count': 1, 'quote_count': 0}",Echobox,everyone,"Earthquakes, elder care and innovation on shortlist for new literary prize https://t.co/iDGXinu7rU",,
22,2021-09-03T16:58:51.000Z,1433836902801678355,1433836902801678355,14216661,en,"{'retweet_count': 2, 'reply_count': 0, 'like_count': 4, 'quote_count': 1}",Echobox,everyone,Belly fat and weak muscles risky for seniors: study https://t.co/LhOLpD8SG2 — via @healthing_ca,,
23,2021-09-02T00:01:52.000Z,1433218581282578432,1433218581282578432,14216661,en,"{'retweet_count': 0, 'reply_count': 1, 'like_count': 4, 'quote_count': 0}",Echobox,everyone,"Pink Cars with Toyota Badges: Helping seniors get vaxxed https://t.co/a6iGKswLYN — via @drivingdotca

#autonews",,
24,2021-08-22T10:44:39.000Z,1429394075535486979,1429394075535486979,14216661,en,"{'retweet_count': 7, 'reply_count': 13, 'like_count': 28, 'quote_count': 3}",Echobox,everyone,"Raymond J. de Souza: America is a country governed by the elderly, and it's starting to show https://t.co/S1QEARCBQ0",,
25,2021-08-19T21:48:59.000Z,1428474099693727749,1428474099693727749,14216661,en,"{'retweet_count': 1, 'reply_count': 42, 'like_count': 2, 'quote_count': 2}",Echobox,everyone,"The study also found greater effectiveness in those receiving Moderna doses in comparison to those who received the Pfizer vaccine. https://t.co/Fofutt2fx7

— via @healthing_ca",,
26,2021-08-05T13:50:15.000Z,1423280190298357760,1423280190298357760,14216661,en,"{'retweet_count': 11, 'reply_count': 17, 'like_count': 18, 'quote_count': 3}",Echobox,everyone,Seniors in 'complete shock' when income supplement cut after receiving emergency benefits https://t.co/VBNKaVdOIu https://t.co/2ardfMUNOw,,
27,2021-07-27T13:10:34.000Z,1420008715118391298,1420008715118391298,14216661,en,"{'retweet_count': 0, 'reply_count': 1, 'like_count': 6, 'quote_count': 1}",Echobox,everyone,"New rules boost financial protection for seniors, but getting them to opt in can be a delicate process https://t.co/vptEX4jaT9",,
28,2021-07-20T17:43:12.000Z,1417540607862509570,1417540607862509570,14216661,en,"{'retweet_count': 1, 'reply_count': 0, 'like_count': 6, 'quote_count': 3}",Echobox,everyone,"Any type of tea can help counter obesity, stress and heart disease in young children, and reduce risk of stroke among the elderly, study says.
- via @healthing_ca https://t.co/ZUzkGksoSk",,
29,2021-07-14T13:04:53.000Z,1415296242729488387,1415296242729488387,14216661,en,"{'retweet_count': 0, 'reply_count': 9, 'like_count': 6, 'quote_count': 3}",Echobox,everyone,Older seniors to get extra Old Age Security in the coming months https://t.co/wp3WWG5aZG,,
30,2021-07-07T18:05:44.000Z,1412835237575499781,1412835237575499781,14216661,en,"{'retweet_count': 2, 'reply_count': 3, 'like_count': 14, 'quote_count': 3}",Echobox,everyone,"Social isolation can affect the cognitive and psychological health of seniors. https://t.co/hUv9setpNH

— via @healthing_ca",,
31,2021-07-06T22:53:02.000Z,1412545152330121224,1412545152330121224,14216661,en,"{'retweet_count': 7, 'reply_count': 6, 'like_count': 23, 'quote_count': 3}",Echobox,everyone,New Governor General proved the elder Trudeau wrong https://t.co/zmGOwVHKeB,,
32,2021-07-01T22:22:00.000Z,1410725401404461059,1410725401404461059,14216661,en,"{'retweet_count': 17, 'reply_count': 8, 'like_count': 25, 'quote_count': 2}",Echobox,everyone,"Hundreds who died from heat exposure in B.C. were mostly seniors found alone in unventilated suites, says coroner https://t.co/6JJh8hzjpB",,
33,2021-06-02T19:06:11.000Z,1400166876102148100,1400166876102148100,14216661,en,"{'retweet_count': 0, 'reply_count': 1, 'like_count': 3, 'quote_count': 1}",Echobox,everyone,Updated: Nazi-looted painting in bizarre custody battle pitting U.S. college against elderly French heiress https://t.co/GKj2NSu9MX,,
34,2021-05-24T13:03:37.000Z,1396814141613084673,1396814141613084673,14216661,en,"{'retweet_count': 2, 'reply_count': 0, 'like_count': 4, 'quote_count': 1}",Echobox,everyone,#ICYMI - Austrian hospital amputates wrong leg of elderly patient in 'tragic mistake' https://t.co/K60v7RH1TR,,
35,2021-05-11T18:14:54.000Z,1392181438146035712,1392181438146035712,14216661,en,"{'retweet_count': 0, 'reply_count': 2, 'like_count': 6, 'quote_count': 1}",Echobox,everyone,"Vaping is up across the board, but the biggest hikes were in female students. https://t.co/VvQxDi9h9o

— via @TheGrowthOp",,
36,2021-05-11T04:15:24.000Z,1391970169472393221,1391970169472393221,14216661,en,"{'retweet_count': 2, 'reply_count': 13, 'like_count': 3, 'quote_count': 4}",Echobox,everyone,Munk Debate: Can we stop people from dying of old age? https://t.co/5gBWRGIIXs,,
37,2021-05-06T13:28:19.000Z,1390297373960667136,1390297373960667136,14216661,en,"{'retweet_count': 1, 'reply_count': 0, 'like_count': 2, 'quote_count': 1}",Echobox,everyone,Opinion: The budget's Old Age Security increase is bad policy https://t.co/iPHyUMU0V8,,
38,2021-05-02T14:00:27.000Z,1388855910668328960,1388855910668328960,14216661,en,"{'retweet_count': 3, 'reply_count': 5, 'like_count': 7, 'quote_count': 1}",Echobox,everyone,"Some older adults are using cannabis to self-treat without first seeking medical advice. https://t.co/FgimHmUzVA

— via @TheGrowthOp",,
39,2021-03-29T13:47:55.000Z,1376531569968619526,1376531569968619526,14216661,en,"{'retweet_count': 1, 'reply_count': 2, 'like_count': 5, 'quote_count': 0}",Echobox,everyone,"A growing number of more seniors may be using medical cannabis. https://t.co/X7rUC5HNAo

— via @TheGrowthOp",,
40,2021-03-28T19:59:55.000Z,1376262800348168192,1376262800348168192,14216661,en,"{'retweet_count': 3, 'reply_count': 6, 'like_count': 8, 'quote_count': 2}",Echobox,everyone,Some young people to get COVID vaccine months early thanks to program for apartment-dwelling seniors https://t.co/yUswpdfKTh,,
41,2021-03-27T12:34:40.000Z,1375788360778797058,1375788360778797058,14216661,en,"{'retweet_count': 7, 'reply_count': 3, 'like_count': 9, 'quote_count': 3}",Echobox,everyone,Some young people to get COVID vaccine months early thanks to program for apartment-dwelling seniors https://t.co/JNpDZ3myRL,,
42,2021-03-25T17:42:24.000Z,1375141028727029762,1375141028727029762,14216661,en,"{'retweet_count': 17, 'reply_count': 9, 'like_count': 81, 'quote_count': 3}",Echobox,everyone,Elderly Asian woman who fought back against attacker donates $1 million raised to charity https://t.co/VYBPKk9WIr,,
43,2021-03-24T00:04:48.000Z,1374512485772845061,1374512485772845061,14216661,en,"{'retweet_count': 5, 'reply_count': 1, 'like_count': 4, 'quote_count': 0}",Echobox,everyone,"COVID-19 in seniors doesn't always have the telltale respiratory signs. https://t.co/5B4rpzGTCO

— via @healthing_ca",,
44,2021-03-17T14:00:24.000Z,1372186056670515205,1372186056670515205,14216661,en,"{'retweet_count': 1, 'reply_count': 1, 'like_count': 6, 'quote_count': 0}",Echobox,everyone,"Several European countries also reversed the recommendation against using the vaccine on seniors. https://t.co/i7XElxpPih

— via @healthing_ca",,
45,2021-03-17T01:49:52.000Z,1372002211140677637,1372002211140677637,14216661,en,"{'retweet_count': 6, 'reply_count': 12, 'like_count': 15, 'quote_count': 5}",Echobox,everyone,"AstraZeneca vaccine now recommended for use on seniors, Canadian committee says https://t.co/xM6uWDtw1z",,
46,2021-03-03T20:00:53.000Z,1367203344910061571,1367203344910061571,14216661,en,"{'retweet_count': 1, 'reply_count': 1, 'like_count': 3, 'quote_count': 3}",Echobox,everyone,"While vaccinating the elderly is still a priority, other groups are moving up in line.  https://t.co/ROXLtOqx5H

— via @healthing_ca",,
47,2021-03-02T04:21:29.000Z,1366604548639490050,1366604548639490050,14216661,en,"{'retweet_count': 25, 'reply_count': 14, 'like_count': 41, 'quote_count': 4}",Echobox,everyone,"Canada shouldn't use AstraZeneca COVID vaccine on seniors, national panel advises https://t.co/bPSJjio0XB",,
48,2021-03-02T00:30:44.000Z,1366546480396464134,1366546480396464134,14216661,en,"{'retweet_count': 0, 'reply_count': 2, 'like_count': 7, 'quote_count': 0}",Echobox,everyone,Montreal opens Olympic Stadium to elderly for COVID vaccinations as Canada plays catch-up https://t.co/abr9S4FlhN,,
49,2021-02-26T18:13:25.000Z,1365364359598395394,1365364359598395394,14216661,en,"{'retweet_count': 0, 'reply_count': 0, 'like_count': 2, 'quote_count': 0}",Echobox,everyone,"Bad Driver of the Week: Sorry, no senior's discount on stunt driving charges https://t.co/xGDJhwAfXd — via @drivingdotca

#autonews",,
50,2021-02-24T22:01:50.000Z,1364697067180982273,1364697067180982273,14216661,en,"{'retweet_count': 0, 'reply_count': 2, 'like_count': 3, 'quote_count': 1}",Echobox,everyone,"Alberta seniors rush to book COVID-19 vaccines, while Ontario develops plan to immunize elderly https://t.co/DCyqNnOhsw",,
51,2021-02-11T15:30:12.000Z,1359887467206356995,1359887467206356995,14216661,en,"{'retweet_count': 2, 'reply_count': 2, 'like_count': 3, 'quote_count': 0}",Echobox,everyone,Pain relief offered by cannabis may have contributed to the reduction in blood pressure. https://t.co/cEjs135SBx — via @TheGrowthOp,,
52,2021-01-31T20:00:29.000Z,1355969219012263937,1355969219012263937,14216661,en,"{'retweet_count': 0, 'reply_count': 9, 'like_count': 3, 'quote_count': 2}",Echobox,everyone,"#ICYMI: Should seniors take driver's license renewal tests under lockdown? https://t.co/RciaVTam4d — via @drivingdotca

#lockdown #driving #pandemic",,
53,2021-01-26T17:01:20.000Z,1354112195660021762,1354112195660021762,14216661,en,"{'retweet_count': 1, 'reply_count': 3, 'like_count': 8, 'quote_count': 2}",Echobox,everyone,"Should seniors take driver's license renewal tests under lockdown? https://t.co/zPy7jMQbbx — via @drivingdotca

#lockdown #driving #pandemic",,
54,2021-01-25T23:35:23.000Z,1353848972901834753,1353848972901834753,14216661,en,"{'retweet_count': 6, 'reply_count': 3, 'like_count': 9, 'quote_count': 4}",Echobox,everyone,"Due to shortage, Ontario pauses vaccination of essential workers to focus on seniors https://t.co/5A10gZ6z89",,
55,2021-01-12T20:56:53.000Z,1349098044831182848,1349098044831182848,14216661,en,"{'retweet_count': 4, 'reply_count': 1, 'like_count': 12, 'quote_count': 1}",TweetDeck,everyone,Watch: Nomadic Inuit elder explains what it's like to live off the land https://t.co/7D3twi7ddx Video by @ArcticFocus https://t.co/Vzn4uyTFuJ,,
56,2020-12-30T22:16:12.000Z,1344406961526333440,1344406961526333440,14216661,en,"{'retweet_count': 3, 'reply_count': 25, 'like_count': 22, 'quote_count': 10}",Echobox,everyone,Prince Charles has been talking to Canada’s Aboriginal elders about threats to the planet https://t.co/VWR0WIO0ap — via @Telegraph,,
57,2020-12-17T04:36:03.000Z,1339429124578959360,1339429124578959360,14216661,en,"{'retweet_count': 5, 'reply_count': 0, 'like_count': 13, 'quote_count': 1}",Echobox,everyone,Video: Nomadic Inuit elder on what it's like to live off the land https://t.co/hxJDGF7eux,,
58,2020-12-11T15:06:57.000Z,1337413569378398211,1337413569378398211,14216661,en,"{'retweet_count': 10, 'reply_count': 16, 'like_count': 9, 'quote_count': 5}",Echobox,everyone,One of the vaccines ordered by Canada fails to protect older adults from COVID-19 https://t.co/DFnFa9SBFq,,
59,2020-11-17T22:35:28.000Z,1328829134508855296,1328829134508855296,14216661,en,"{'retweet_count': 2, 'reply_count': 1, 'like_count': 10, 'quote_count': 1}",Echobox,everyone,Older adults increasingly chose to manage their mental health by themselves. https://t.co/M8GamDCO8E — via @healthing_ca,,
60,2020-10-21T14:45:37.000Z,1318926419456675840,1318926419456675840,14216661,en,"{'retweet_count': 7, 'reply_count': 6, 'like_count': 5, 'quote_count': 2}",Echobox,everyone,Old-age is the next global economic threat https://t.co/Sb6wfkD09p,,
61,2020-10-20T15:25:00.000Z,1318573941498253312,1318573941498253312,14216661,en,"{'retweet_count': 2, 'reply_count': 2, 'like_count': 5, 'quote_count': 1}",Echobox,everyone,"The retirement downsizing myth: No, seniors aren't moving in droves — and that will affect the housing market https://t.co/6LE82vavKl",,
62,2020-10-16T11:57:31.000Z,1317072176047161349,1317072176047161349,14216661,en,"{'retweet_count': 22, 'reply_count': 14, 'like_count': 61, 'quote_count': 9}",Echobox,everyone,Vivian Bercovici: COVID is no excuse to impose cruel and inhumane measures on the elderly https://t.co/scCjSC5Y3v,,
63,2020-10-15T18:05:26.000Z,1316802379199676418,1316802379199676418,14216661,en,"{'retweet_count': 3, 'reply_count': 5, 'like_count': 29, 'quote_count': 5}",Echobox,everyone,"Ontario will end teacher hiring rules based on seniority, says education minister https://t.co/Brj8Mcwsqq",,
64,2020-10-15T17:32:11.000Z,1316794011307380736,1316794011307380736,14216661,en,"{'retweet_count': 28, 'reply_count': 37, 'like_count': 139, 'quote_count': 8}",Echobox,everyone,"Ontario will end teacher hiring rules based on seniority, says education minister https://t.co/00yqTEsEd5",,
65,2020-10-01T15:09:43.000Z,1311684727028543489,1311684727028543489,14216661,en,"{'retweet_count': 3, 'reply_count': 3, 'like_count': 4, 'quote_count': 4}",Echobox,everyone,Bank holding B.C. senior's lottery winnings 'hostage' despite proof he is of sound mind https://t.co/KP7h6o85gx,,
66,2020-09-06T13:00:33.000Z,1302592526088536064,1302592526088536064,14216661,en,"{'retweet_count': 5, 'reply_count': 2, 'like_count': 5, 'quote_count': 0}",Hootsuite Inc.,everyone,"“The Baby Boom is a generation of aging weekend warriors, and we’re all looking for relief so that we can stay in the game.” Via: @TheGrowthOp 

https://t.co/7TbZ0m6JlB",,
67,2020-08-13T01:27:34.000Z,1293720821358362626,1293720821358362626,14216661,en,"{'retweet_count': 5, 'reply_count': 0, 'like_count': 6, 'quote_count': 0}",Echobox,everyone,Unreported deaths in COVID-19 outbreak at seniors residence adds to Quebec's pandemic toll https://t.co/B1J7wMYuCr,,
68,2020-07-27T21:15:07.000Z,1287859082708254721,1287859082708254721,14216661,en,"{'retweet_count': 8, 'reply_count': 4, 'like_count': 12, 'quote_count': 2}",Hootsuite Inc.,everyone,"Researchers have found that for-profit elderly care facilities have lower quality of care in both the U.S. and Canada. Via: @healthing_ca 

https://t.co/tnxkzmGiz6",,
69,2020-06-30T21:11:39.000Z,1278073737837977601,1278073737837977601,14216661,en,"{'retweet_count': 10, 'reply_count': 4, 'like_count': 20, 'quote_count': 2}",Echobox,everyone,"The COVID-19 pandemic has made it clear that Canada needs to change the way we care for our older adults. — via @healthing_ca
https://t.co/UX6LAtfP95",,
70,2020-06-17T09:13:41.000Z,1273182013068017664,1273182013068017664,14216661,en,"{'retweet_count': 0, 'reply_count': 1, 'like_count': 4, 'quote_count': 0}",Echobox,everyone,#ICYMI - Senior Living: This boomer has put her travelling days behind her https://t.co/R2VwuRb3rA,,
71,2020-06-16T08:06:50.000Z,1272802805334659072,1272802805334659072,14216661,en,"{'retweet_count': 0, 'reply_count': 2, 'like_count': 0, 'quote_count': 0}",Echobox,everyone,Senior Living: This boomer has put her travelling days behind her https://t.co/rGCx2boOYT,,
72,2020-06-16T06:23:08.000Z,1272776707481747456,1272776707481747456,14216661,en,"{'retweet_count': 0, 'reply_count': 0, 'like_count': 1, 'quote_count': 0}",Echobox,everyone,Senior Living: Do you dare to leverage? Maybe. But don’t buy stocks. https://t.co/bL4okfjeXF,,
73,2020-06-12T18:31:06.000Z,1271510353432776705,1271510353432776705,14216661,en,"{'retweet_count': 8, 'reply_count': 33, 'like_count': 13, 'quote_count': 5}",Echobox,everyone,"Elderly protester shoved by Buffalo police suffered 'brain injury,' lawyer says https://t.co/zALyIHsV1Y",,
74,2020-06-10T19:17:16.000Z,1270797195508355072,1270797195508355072,14216661,en,"{'retweet_count': 9, 'reply_count': 5, 'like_count': 21, 'quote_count': 8}",Echobox,everyone,Vivian Bercovici: We have failed the elderly during the COVID-19 crisis https://t.co/ZDsBOAwR1f,,
75,2020-06-09T06:47:44.000Z,1270246182065967105,1270246182065967105,14216661,en,"{'retweet_count': 1, 'reply_count': 0, 'like_count': 7, 'quote_count': 1}",Echobox,everyone,Senior Living: The real cost of social distancing https://t.co/3zkrMXJv0v,,
76,2020-06-09T06:22:33.000Z,1270239846200721409,1270239846200721409,14216661,en,"{'retweet_count': 0, 'reply_count': 0, 'like_count': 1, 'quote_count': 0}",Echobox,everyone,Senior Living: Time to lock in a low borrowing rate https://t.co/Ns5O0akFjL,,
77,2020-06-08T13:01:19.000Z,1269977808106856449,1269977808106856449,14216661,en,"{'retweet_count': 1, 'reply_count': 0, 'like_count': 1, 'quote_count': 1}",Hootsuite Inc.,everyone,"Beyond our basic hierarchy of needs, recreation can also help allay other issues of elderly care. — via @healthing_ca 
https://t.co/xF8TJt5r9L",,
78,2020-06-06T15:25:05.000Z,1269289215801667584,1269289215801667584,14216661,en,"{'retweet_count': 2, 'reply_count': 7, 'like_count': 4, 'quote_count': 5}",Hootsuite Inc.,everyone,"#ICYMI: Seniors are getting a special payout from Ottawa, but not this month
https://t.co/vxUhjMlIaW",,
79,2020-06-01T06:50:26.000Z,1267347759096647680,1267347759096647680,14216661,en,"{'retweet_count': 4, 'reply_count': 1, 'like_count': 10, 'quote_count': 1}",Echobox,everyone,Senior Living: Your TFSA is an essential tool https://t.co/zgsidKAiSN,,
80,2020-06-01T06:36:29.000Z,1267344249353375744,1267344249353375744,14216661,en,"{'retweet_count': 2, 'reply_count': 0, 'like_count': 2, 'quote_count': 1}",Echobox,everyone,Senior Living: Gardening does a body good https://t.co/8jaWs1VWc4,,
81,2020-05-29T00:10:08.000Z,1266159857721360384,1266159857721360384,14216661,en,"{'retweet_count': 2, 'reply_count': 8, 'like_count': 14, 'quote_count': 2}",Echobox,everyone,"Don Braid: Kenney normalizing COVID-19 as a risk mainly to the elderly, almost zero danger to the young https://t.co/qewR3y9fRZ",,
82,2020-05-26T09:37:42.000Z,1265215523639357442,1265215523639357442,14216661,en,"{'retweet_count': 0, 'reply_count': 1, 'like_count': 2, 'quote_count': 1}",Echobox,everyone,#ICYMI - Senior Living: Travelling across the seas at 90 years https://t.co/DPTdRFWM97,,
83,2020-05-25T21:43:09.000Z,1265035701239844865,1265035701239844865,14216661,en,"{'retweet_count': 3, 'reply_count': 0, 'like_count': 4, 'quote_count': 0}",Echobox,everyone,Here's all the financial relief the government is offering seniors and what might be on tap https://t.co/xiIuzrToYp,,
84,2020-05-25T13:17:55.000Z,1264908558728134657,1264908558728134657,14216661,en,"{'retweet_count': 4, 'reply_count': 1, 'like_count': 5, 'quote_count': 0}",Echobox,everyone,Here's all the financial relief the government is offering seniors and what might be on tap https://t.co/IgTzk0wT4J,,
85,2020-05-25T09:19:57.000Z,1264848668768821253,1264848668768821253,14216661,en,"{'retweet_count': 0, 'reply_count': 1, 'like_count': 3, 'quote_count': 0}",Echobox,everyone,"Senior Living: Having a will makes good sense, but many still need one https://t.co/XKW8Jo6O7d",,
86,2020-05-25T06:30:53.000Z,1264806124701827072,1264806124701827072,14216661,en,"{'retweet_count': 1, 'reply_count': 0, 'like_count': 6, 'quote_count': 0}",Echobox,everyone,Senior Living: Travelling across the seas at 90 years https://t.co/CqXVk2YKne,,
87,2020-05-22T17:21:33.000Z,1263882705546158080,1263882705546158080,14216661,en,"{'retweet_count': 1, 'reply_count': 1, 'like_count': 2, 'quote_count': 1}",Echobox,everyone,Here's all the financial relief the government is offering seniors and what might be on tap https://t.co/DP8hq5BBGH,,
88,2020-05-22T13:45:32.000Z,1263828343910252544,1263828343910252544,14216661,en,"{'retweet_count': 1, 'reply_count': 0, 'like_count': 2, 'quote_count': 0}",Echobox,everyone,Downsizing in decimated Alberta housing market the key to securing this senior's retirement https://t.co/W8JzrfVs9Z #familyfinance,,
89,2020-05-22T12:20:28.000Z,1263806937084448768,1263806937084448768,14216661,en,"{'retweet_count': 37, 'reply_count': 12, 'like_count': 34, 'quote_count': 3}",Echobox,everyone,Twenty-eight Canadian soldiers test positive for COVID-19 after helping in seniors homes https://t.co/e9rKVpJRk2,,
90,2020-05-19T10:16:58.000Z,1262688693992796163,1262688693992796163,14216661,en,"{'retweet_count': 3, 'reply_count': 1, 'like_count': 5, 'quote_count': 0}",Echobox,everyone,"#ICYMI - Senior Living: For many Canadians, being alone is just fine https://t.co/9JE21YGw3o",,
91,2020-05-18T06:54:33.000Z,1262275364648374272,1262275364648374272,14216661,en,"{'retweet_count': 1, 'reply_count': 2, 'like_count': 2, 'quote_count': 0}",Echobox,everyone,Senior Living: Some good financial news on the horizon https://t.co/usuMMhjY2E,,
92,2020-05-18T05:36:53.000Z,1262255817622982657,1262255817622982657,14216661,en,"{'retweet_count': 3, 'reply_count': 1, 'like_count': 20, 'quote_count': 1}",Echobox,everyone,"Senior Living: For many Canadians, being alone is just fine https://t.co/f3WrHB2ObV",,
93,2020-05-17T15:43:01.000Z,1262045967815249920,1262045967815249920,14216661,en,"{'retweet_count': 32, 'reply_count': 28, 'like_count': 64, 'quote_count': 8}",Echobox,everyone,#ICYMI - Four out of five COVID-19 deaths have been linked to seniors homes. That says a lot about how Canada regards its elders https://t.co/DaPtqVt5jB,,
94,2020-05-16T14:04:42.000Z,1261658839163850752,1261658839163850752,14216661,en,"{'retweet_count': 30, 'reply_count': 19, 'like_count': 68, 'quote_count': 5}",Echobox,everyone,Four out of five COVID-19 deaths have been linked to seniors homes. That says a lot about how Canada regards its elders https://t.co/VToO8Hw5NN,,
95,2020-05-12T23:20:00.000Z,1260349031844323330,1260349031844323330,14216661,en,"{'retweet_count': 21, 'reply_count': 85, 'like_count': 85, 'quote_count': 28}",Echobox,everyone,"$2.5B COVID-19 aid package for seniors gives too much to people who don't need it, experts say https://t.co/zU3fpMCQ7x",,
96,2020-05-12T18:10:09.000Z,1260271059548413952,1260271059548413952,14216661,en,"{'retweet_count': 0, 'reply_count': 0, 'like_count': 4, 'quote_count': 1}",Hootsuite Inc.,everyone,"Senior Living: A day in the life of a Facebook addict
https://t.co/M7vvEOesgD",,
97,2020-05-12T15:05:11.000Z,1260224511246503937,1260224511246503937,14216661,en,"{'retweet_count': 5, 'reply_count': 20, 'like_count': 10, 'quote_count': 7}",Echobox,everyone,Feds to give seniors one-time payment of $300 to $500 to help with coronavirus costs https://t.co/GxRTky5pDM,,
98,2020-05-11T16:49:53.000Z,1259888471180787712,1259888471180787712,14216661,en,"{'retweet_count': 0, 'reply_count': 1, 'like_count': 0, 'quote_count': 1}",Echobox,everyone,Senior Living: A day in the life of a Facebook addict https://t.co/tFTTsAhIq7,,
99,2020-05-11T16:29:30.000Z,1259883340242595842,1259883340242595842,14216661,en,"{'retweet_count': 1, 'reply_count': 0, 'like_count': 5, 'quote_count': 2}",Echobox,everyone,"Senior Living: This financial crisis, too, shall pass https://t.co/eYCPzPWOQh",,
100,2020-05-11T03:42:11.000Z,1259690236830986242,1259690236830986242,14216661,en,"{'retweet_count': 3, 'reply_count': 0, 'like_count': 8, 'quote_count': 2}",Echobox,everyone,Vancouver's long-term care homes pinpoint COVID-19 cases by testing seniors for broad range of symptos https://t.co/3yTy23PEkv,,
101,2020-05-05T04:21:39.000Z,1257525843825512448,1257525843825512448,14216661,en,"{'retweet_count': 1, 'reply_count': 1, 'like_count': 2, 'quote_count': 1}",Echobox,everyone,Consider a collateral charge https://t.co/1TU5K7UXSy,,
102,2020-05-04T07:17:45.000Z,1257207771260497922,1257207771260497922,14216661,en,"{'retweet_count': 0, 'reply_count': 0, 'like_count': 2, 'quote_count': 0}",Echobox,everyone,Senior Living: Sunshine is only part of a healthy approach https://t.co/3G5TGfi1ol,,
103,2020-05-03T22:41:07.000Z,1257077758666125314,1257077758666125314,14216661,en,"{'retweet_count': 4, 'reply_count': 7, 'like_count': 8, 'quote_count': 1}",Echobox,everyone,COVID-19 pandemic forces high school seniors to grapple with possibility of no graduation ceremonies https://t.co/XohKuNBFhG,,
104,2020-04-27T21:45:25.000Z,1254889412305043458,1254889412305043458,14216661,en,"{'retweet_count': 2, 'reply_count': 0, 'like_count': 8, 'quote_count': 1}",Echobox,everyone,Senior Living: A retirement wake-up call https://t.co/l3uJStsC1n,,
105,2020-04-27T17:16:06.000Z,1254821636487905282,1254821636487905282,14216661,en,"{'retweet_count': 1, 'reply_count': 0, 'like_count': 4, 'quote_count': 1}",Echobox,everyone,Senior Living: Good deeds benefit both the receiver and the doer https://t.co/6MogYovQph,,
106,2020-04-21T18:17:16.000Z,1252662703165968389,1252662703165968389,14216661,en,"{'retweet_count': 0, 'reply_count': 1, 'like_count': 1, 'quote_count': 0}",Echobox,everyone,"#ICYMI - Senior Living: Don’t panic, don’t sell on the stock market https://t.co/18SJ1f9DWZ",,
107,2020-04-20T07:09:31.000Z,1252132271114551297,1252132271114551297,14216661,en,"{'retweet_count': 0, 'reply_count': 2, 'like_count': 1, 'quote_count': 0}",Echobox,everyone,"Senior Living: Don’t panic, don’t sell on the stock market https://t.co/BJjJsuBioG",,
108,2020-04-20T06:28:10.000Z,1252121864249454593,1252121864249454593,14216661,en,"{'retweet_count': 0, 'reply_count': 1, 'like_count': 5, 'quote_count': 0}",Echobox,everyone,Senior Living: Caution and calm will defeat chaos in a crisis https://t.co/Xtxj8divdw,,
109,2020-04-17T17:55:19.000Z,1251207627398434816,1251207627398434816,14216661,en,"{'retweet_count': 11, 'reply_count': 8, 'like_count': 31, 'quote_count': 6}",Echobox,everyone,NP View: The COVID-19 crisis has exposed Canada's shameful treatment of the elderly https://t.co/9Ft3NADcgA https://t.co/HUPQTPDYnp,,
110,2020-04-13T08:22:09.000Z,1249613834769371136,1249613834769371136,14216661,en,"{'retweet_count': 0, 'reply_count': 0, 'like_count': 1, 'quote_count': 0}",Echobox,everyone,Senior Living: Just give the stock market time https://t.co/oklqEbPw4U,,
111,2020-04-13T06:52:50.000Z,1249591358794469380,1249591358794469380,14216661,en,"{'retweet_count': 0, 'reply_count': 0, 'like_count': 3, 'quote_count': 1}",Echobox,everyone,Seniors Living: Grooming during self-isolation a hairy situation https://t.co/Dp3xmu2LRz,,
112,2020-04-12T04:29:17.000Z,1249192844276969483,1249192844276969483,14216661,en,"{'retweet_count': 2, 'reply_count': 0, 'like_count': 7, 'quote_count': 0}",Echobox,everyone,Here's what the new RRIF withdrawal rules mean for seniors' savings and taxes https://t.co/iVnrNObdIP,,
113,2020-04-11T15:10:27.000Z,1248991810460045313,1248991810460045313,14216661,en,"{'retweet_count': 11, 'reply_count': 2, 'like_count': 9, 'quote_count': 1}",Echobox,everyone,Here's what the new RRIF withdrawal rules mean for seniors' savings and taxes https://t.co/KlHwITjwTV,,
114,2020-04-10T20:16:48.000Z,1248706517060194304,1248706517060194304,14216661,en,"{'retweet_count': 73, 'reply_count': 38, 'like_count': 79, 'quote_count': 30}",Echobox,everyone,"Public health finds bodies, feces at Dorval seniors’ residence: sources https://t.co/HP9HicvvUB",,
115,2020-04-10T19:42:57.000Z,1248697998315569153,1248697998315569153,14216661,en,"{'retweet_count': 4, 'reply_count': 0, 'like_count': 5, 'quote_count': 1}",Echobox,everyone,Here's what the new RRIF withdrawal rules mean for seniors' savings and taxes https://t.co/ICzNDWtqRI,,
116,2020-04-10T13:42:31.000Z,1248607292183826438,1248607292183826438,14216661,en,"{'retweet_count': 7, 'reply_count': 1, 'like_count': 6, 'quote_count': 0}",Echobox,everyone,Here's what the new RRIF withdrawal rules mean for seniors' savings and taxes https://t.co/hdM7m6Iu5n,,
117,2020-04-07T08:23:32.000Z,1247439853530370050,1247439853530370050,14216661,en,"{'retweet_count': 0, 'reply_count': 0, 'like_count': 0, 'quote_count': 0}",Echobox,everyone,"#ICYMI - Seniors Living: You can’t control luck, but you can work hard https://t.co/mNG7qQHcDY",,
118,2020-04-06T07:50:42.000Z,1247069204718784517,1247069204718784517,14216661,en,"{'retweet_count': 1, 'reply_count': 1, 'like_count': 7, 'quote_count': 1}",Echobox,everyone,"Seniors Living: You can’t control luck, but you can work hard https://t.co/4JAsKjWuac",,
119,2020-04-06T06:20:30.000Z,1247046506894503938,1247046506894503938,14216661,en,"{'retweet_count': 1, 'reply_count': 0, 'like_count': 1, 'quote_count': 0}",Echobox,everyone,Senior Living: Go cashless at your own pace https://t.co/i0DSomEweu,,
120,2020-04-01T19:01:59.000Z,1245426200018857984,1245426200018857984,14216661,en,"{'retweet_count': 2, 'reply_count': 0, 'like_count': 1, 'quote_count': 1}",Echobox,everyone,"COVID-19: From one lockdown to another, residents at Canada's seniors homes face new reality https://t.co/xSzoeTUXUX",,
121,2020-03-31T22:00:21.000Z,1245108698919440388,1245108698919440388,14216661,en,"{'retweet_count': 0, 'reply_count': 1, 'like_count': 5, 'quote_count': 1}",Hootsuite Inc.,everyone,"Self-isolation can make it challenging for seniors to eat healthily. — via @healthing_ca 

https://t.co/eRPs6ldz4m",,
122,2020-03-30T23:25:51.000Z,1244767829594984451,1244767829594984451,14216661,en,"{'retweet_count': 4, 'reply_count': 3, 'like_count': 11, 'quote_count': 0}",Echobox,everyone,Emergency COVID-19 measures enacted for Canada's seniors' homes where pandemic hits hardest https://t.co/89ain0lgZL,,
123,2020-03-30T23:06:01.000Z,1244762838322810887,1244762838322810887,14216661,en,"{'retweet_count': 1, 'reply_count': 0, 'like_count': 8, 'quote_count': 0}",Echobox,everyone,Senior Living: What government benefits should you be aware of? https://t.co/HlvSZj3T7Q,,
124,2020-03-30T21:26:12.000Z,1244737715243016193,1244737715243016193,14216661,en,"{'retweet_count': 2, 'reply_count': 0, 'like_count': 2, 'quote_count': 1}",Echobox,everyone,"Senior Living: After a fall, everything changed https://t.co/jUOgATECwl",,
125,2020-03-24T03:58:48.000Z,1242299804056793095,1242299804056793095,14216661,en,"{'retweet_count': 0, 'reply_count': 1, 'like_count': 3, 'quote_count': 1}",Echobox,everyone,Senior Living: The art of idleness https://t.co/uGqAA5S6ZY,,
126,2020-03-24T02:05:09.000Z,1242271203550728192,1242271203550728192,14216661,en,"{'retweet_count': 2, 'reply_count': 0, 'like_count': 5, 'quote_count': 1}",Echobox,everyone,Senior Living: Future tax strategies https://t.co/AsfnpavB4Q,,
127,2020-03-23T20:09:26.000Z,1242181683731980295,1242110758051340288,14216661,en,"{'retweet_count': 8, 'reply_count': 0, 'like_count': 8, 'quote_count': 1}",Twitter Web App,everyone,"With #SocialDistancing measures in place, it's more important than ever for seniors to stay fit — here are some tips from @healthing_ca 

#COVID19 
https://t.co/z4yNwEBtTE","[{'type': 'replied_to', 'id': '1242172825793900546'}]",14216661
128,2020-03-16T13:27:59.000Z,1239543941483171842,1239526391550484480,14216661,en,"{'retweet_count': 12, 'reply_count': 8, 'like_count': 5, 'quote_count': 5}",Twitter Web App,everyone,"COVID-19 Italy: Elderly may be left to die in new protocol aimed at containing virus crisis
https://t.co/LlyfqolRFx
#COVIDー19 #COVID19 #Coronavirus","[{'type': 'replied_to', 'id': '1239537248900694016'}]",14216661
129,2020-03-16T08:31:03.000Z,1239469215939166210,1239469215939166210,14216661,en,"{'retweet_count': 1, 'reply_count': 0, 'like_count': 2, 'quote_count': 0}",Echobox,everyone,Senior Living: Separate bank accounts or joint? https://t.co/oGrh37Dj1q,,
130,2020-03-16T06:42:16.000Z,1239441839511547904,1239441839511547904,14216661,en,"{'retweet_count': 2, 'reply_count': 1, 'like_count': 9, 'quote_count': 0}",Echobox,everyone,Senior Living: Cancer survivor Mike Boone grateful for support https://t.co/k1m0Ik1E3k,,
131,2020-03-14T20:00:21.000Z,1238917907356225536,1238917907356225536,14216661,en,"{'retweet_count': 5, 'reply_count': 4, 'like_count': 10, 'quote_count': 1}",Hootsuite Inc.,everyone,"Older adults and those with pre-existing health conditions seem to be the most at risk compared to children — via @healthing_ca 

https://t.co/xG9dIC2Y4c",,
132,2020-03-13T19:40:05.000Z,1238550419921678336,1238550419921678336,14216661,en,"{'retweet_count': 3, 'reply_count': 0, 'like_count': 9, 'quote_count': 1}",Hootsuite Inc.,everyone,'Disastrous': Seniors face double threat from pandemic as retirement portfolios walloped by markets in turmoil https://t.co/bPBaiSNYz5,,
133,2020-03-13T13:55:55.000Z,1238463805153214471,1238463805153214471,14216661,en,"{'retweet_count': 14, 'reply_count': 0, 'like_count': 9, 'quote_count': 0}",Echobox,everyone,'Disastrous': Seniors face double threat from pandemic as retirement portfolios walloped by markets in turmoil https://t.co/KridxuFbl4,,
134,2020-03-11T13:18:03.000Z,1237729499095105537,1237728898663751680,14216661,en,"{'retweet_count': 13, 'reply_count': 2, 'like_count': 10, 'quote_count': 3}",Twitter Web App,everyone,"The overall death rate from the virus in Italy is now estimated at the surprisingly high 6 per cent, with more than 10,000 confirmed infections, amid fears that the health system has been overwhelmed by predominantly elderly patients.
https://t.co/Yy6Arxnbfv
#COVID19 https://t.co/DP78YVHVmB","[{'type': 'replied_to', 'id': '1237728898663751680'}]",14216661
135,2020-03-06T00:07:34.000Z,1235718631100755975,1235718631100755975,14216661,en,"{'retweet_count': 1, 'reply_count': 2, 'like_count': 1, 'quote_count': 0}",Echobox,everyone,Senior Living: Think about drawing benefits when you near retirement https://t.co/wO3HgCqLQW,,
136,2020-03-05T19:30:50.000Z,1235648986054193153,1235648986054193153,14216661,en,"{'retweet_count': 1, 'reply_count': 0, 'like_count': 2, 'quote_count': 0}",Echobox,everyone,"Senior Living: Even in our 90s, we carry on https://t.co/NDBDp73XNF",,
137,2020-02-28T18:30:10.000Z,1233459392093315077,1233459392093315077,14216661,en,"{'retweet_count': 3, 'reply_count': 2, 'like_count': 12, 'quote_count': 1}",Hootsuite Inc.,everyone,"These unfair tax policies are putting a burden on women and seniors and need to be changed now
https://t.co/W6vulTgkII",,
138,2020-02-27T19:02:57.000Z,1233105255035998208,1233105255035998208,14216661,en,"{'retweet_count': 2, 'reply_count': 1, 'like_count': 4, 'quote_count': 2}",Echobox,everyone,Rude awakening for employee who thought seniority would save him from sexual banter complaint https://t.co/SsmJBZocXd,,
139,2020-02-27T17:00:33.000Z,1233074452663013379,1233074452663013379,14216661,en,"{'retweet_count': 0, 'reply_count': 0, 'like_count': 1, 'quote_count': 0}",Hootsuite Inc.,everyone,"From @healthing_ca: Medical experts have controversially refused to endorse cognitive screening for older adults, calling for more research.  

https://t.co/3xubwN4odW",,
140,2020-02-20T19:00:55.000Z,1230568026547740672,1230568026547740672,14216661,en,"{'retweet_count': 2, 'reply_count': 0, 'like_count': 2, 'quote_count': 1}",Echobox,everyone,OSC proposes mutual fund restrictions to protect seniors from large penalties https://t.co/5CVg5X1oVC,,
141,2020-01-30T15:25:19.000Z,1222903626290479111,1222903626290479111,14216661,en,"{'retweet_count': 2, 'reply_count': 8, 'like_count': 8, 'quote_count': 9}",Echobox,everyone,What would you do with 20 extra years? Scientists are close to extending a human's 'healthy lifespan' https://t.co/7re7VB071H https://t.co/iKZzqrhtHk,,
142,2020-01-23T14:41:48.000Z,1220355958326595586,1220355958326595586,14216661,en,"{'retweet_count': 10, 'reply_count': 1, 'like_count': 10, 'quote_count': 1}",Echobox,everyone,These unfair tax policies are putting a burden on women and seniors and need to be changed now https://t.co/0FngK0gc1v https://t.co/Hyb1saXjli,,
143,2020-01-14T15:53:24.000Z,1217112487692242944,1217112487692242944,14216661,en,"{'retweet_count': 3, 'reply_count': 1, 'like_count': 1, 'quote_count': 1}",Echobox,everyone,Reverse mortgage business is booming in Canada as seniors tap home equity to pay debts https://t.co/AdGOZFfWYG https://t.co/iSsHdvzZps,,
144,2020-01-14T12:01:17.000Z,1217054073209397248,1217054073209397248,14216661,en,"{'retweet_count': 3, 'reply_count': 3, 'like_count': 3, 'quote_count': 1}",Echobox,everyone,Reverse mortgage business is booming in Canada as seniors tap home equity to pay debts https://t.co/uvzE2qr2K9 https://t.co/JmhgTomChn,,
145,2019-12-30T23:42:11.000Z,1211794642578104326,1211794642578104326,14216661,en,"{'retweet_count': 0, 'reply_count': 0, 'like_count': 0, 'quote_count': 0}",Echobox,everyone,"#ICYMI - Dozens evacuated after fire in seniors' residence in Trois-Pistoles, Que. https://t.co/KBCSHdHsxQ https://t.co/ehl0sqicj8",,
146,2019-12-29T23:28:02.000Z,1211428694650212354,1211428694650212354,14216661,en,"{'retweet_count': 0, 'reply_count': 0, 'like_count': 2, 'quote_count': 1}",Echobox,everyone,"Dozens evacuated after fire in seniors' residence in Trois-Pistoles, Que. https://t.co/W3h2tPhach https://t.co/8EvRnfPR7o",,
147,2019-11-13T22:46:39.000Z,1194748439432744960,1194748439432744960,14216661,en,"{'retweet_count': 0, 'reply_count': 0, 'like_count': 2, 'quote_count': 3}",Echobox,everyone,Inactive older adults can lower heart disease risk by ramping up exercise: study https://t.co/YDMVnVgGSm https://t.co/FacMfSnb0v,,
148,2019-11-03T22:02:14.000Z,1191113382621040641,1191113382621040641,14216661,en,"{'retweet_count': 14, 'reply_count': 9, 'like_count': 33, 'quote_count': 4}",Echobox,everyone,Seniors embracing cannabis faster than any other demographic in Canada https://t.co/ecCKiSjUjO via @TheGrowthOp https://t.co/s2dLf4gvMA,,
149,2019-09-30T23:20:12.000Z,1178811813212938240,1178811813212938240,14216661,en,"{'retweet_count': 19, 'reply_count': 25, 'like_count': 20, 'quote_count': 8}",Echobox,everyone,Protesters scream 'Nazi scum' as they bar way of elderly woman https://t.co/Y5cKhhaENM https://t.co/DBwkcGP1Os,,
150,2019-09-23T15:36:00.000Z,1176158278864244736,1176158278864244736,14216661,en,"{'retweet_count': 0, 'reply_count': 0, 'like_count': 0, 'quote_count': 0}",Twitter for Advertisers.,everyone,Sponsored: Canada’s rapidly aging population is contributing to an emerging vision crisis. @EssilorCanada,,
151,2019-09-16T22:56:45.000Z,1173732482123993089,1173732482123993089,14216661,en,"{'retweet_count': 2, 'reply_count': 1, 'like_count': 2, 'quote_count': 1}",Echobox,everyone,Don't-pay-til-you-die reverse mortgages are booming in Canada as seniors binge on debt https://t.co/fpoRAyU3tW https://t.co/F21wT0k0SX,,
152,2019-09-16T13:22:08.000Z,1173587875918766080,1173587875918766080,14216661,en,"{'retweet_count': 3, 'reply_count': 1, 'like_count': 4, 'quote_count': 3}",Echobox,everyone,Don't-pay-til-you-die reverse mortgages are booming in Canada as seniors binge on debt https://t.co/oYnvDucZU0 https://t.co/ukaHWhjQIv,,
153,2019-08-31T02:29:30.000Z,1167625429026529280,1167625429026529280,14216661,en,"{'retweet_count': 4, 'reply_count': 1, 'like_count': 5, 'quote_count': 1}",Echobox,everyone,There are more seniors than ever and where they choose to live could reshape Canada's housing market https://t.co/Rgt5GVZCsm https://t.co/viWNtLZrgV,,
154,2019-07-25T20:32:36.000Z,1154489648816803840,1154489648816803840,14216661,en,"{'retweet_count': 19, 'reply_count': 5, 'like_count': 81, 'quote_count': 2}",Twitter for Advertisers.,everyone,Sponsored: Active seniors retire amidst the power of the Rocky Mountains at Origin at Spring Creek in Canmore. #OriginSpringCreek,,
155,2019-07-25T16:30:29.000Z,1154428717420228609,1154428717420228609,14216661,en,"{'retweet_count': 7, 'reply_count': 1, 'like_count': 25, 'quote_count': 0}",Twitter for Advertisers.,everyone,"Sponsored: Seniors savour Rocky Mountain retirement at Origin at Spring Creek in Canmore, Alberta. #OriginSpringCreek",,
156,2019-07-25T16:30:06.000Z,1154428623543255040,1154428623543255040,14216661,en,"{'retweet_count': 0, 'reply_count': 0, 'like_count': 0, 'quote_count': 0}",Twitter for Advertisers.,everyone,Sponsored: Active seniors retire amidst the power of the Rocky Mountains at Origin at Spring Creek in cosmopolitan Canmore. #OriginSpringCreek,,
157,2019-07-24T19:28:43.000Z,1154111185878487040,1154111185878487040,14216661,en,"{'retweet_count': 5, 'reply_count': 1, 'like_count': 2, 'quote_count': 1}",Echobox,everyone,There are more seniors than ever and where they choose to live could reshape Canada's housing market https://t.co/SGoVLcw4ed https://t.co/GT92bqdKdJ,,
158,2019-06-26T11:52:17.000Z,1143849461371854848,1143849461371854848,14216661,en,"{'retweet_count': 2, 'reply_count': 1, 'like_count': 17, 'quote_count': 0}",Echobox,everyone,"'Old age is an excellent time for outrage,' comedian Mary Walsh tells ideacity audience https://t.co/t6vE9JCmwR https://t.co/GwvJvlu6Ef",,
159,2019-06-19T22:55:18.000Z,1141479598351425536,1141479598351425536,14216661,en,"{'retweet_count': 2, 'reply_count': 0, 'like_count': 2, 'quote_count': 0}",Echobox,everyone,Prince William and Kate's police motorbike escort seriously injures elderly woman https://t.co/k0EPcbP8yS https://t.co/c9SbPcpGjm,,
160,2019-06-12T23:14:43.000Z,1138947770461671425,1138947770461671425,14216661,en,"{'retweet_count': 1, 'reply_count': 10, 'like_count': 7, 'quote_count': 3}",Echobox,everyone,A rise in traffic accidents caused by drivers over 75 has Japan considering a new licensing system for the elderly—should Canada look at doing the same? The proposed restrictions over at @drivingdotca: https://t.co/joGTk5kW7w https://t.co/j5YpFXxsoP,,
161,2019-05-15T18:05:21.000Z,1128723054203371520,1128723054203371520,14216661,en,"{'retweet_count': 1, 'reply_count': 6, 'like_count': 1, 'quote_count': 1}",Echobox,everyone,"Vernon, B.C., rejects pot shop proposal as 'it is too close to seniors' https://t.co/WnO7dTut6T via @TheGrowthOp https://t.co/OZGl13PGh4",,
162,2019-05-14T19:05:55.000Z,1128375907184455680,1128375907184455680,14216661,en,"{'retweet_count': 1, 'reply_count': 4, 'like_count': 2, 'quote_count': 0}",Echobox,everyone,"Vernon, B.C., rejects pot shop proposal as 'it is too close to seniors' https://t.co/iearMN8mbn via @TheGrowthOp https://t.co/9ypxEznvWw",,
163,2019-04-25T21:21:31.000Z,1121524662637297679,1121524662637297679,14216661,en,"{'retweet_count': 7, 'reply_count': 5, 'like_count': 18, 'quote_count': 1}",Echobox,everyone,Enter the elder statesman https://t.co/eKGDQlNArh,,
164,2019-03-19T20:28:18.000Z,1108102922347442177,1108102916370587649,14216661,en,"{'retweet_count': 0, 'reply_count': 1, 'like_count': 1, 'quote_count': 0}",Twitter Web Client,everyone,"* $1.8 billion for retirees, including support for low-income seniors, “empowering seniors in their communities” and a promise to make sure that “everyone who is eligible receives Canada Pension Plan benefits,” which is not listed as having a cost.","[{'type': 'replied_to', 'id': '1108102921605005312'}]",14216661
165,2019-03-12T00:08:38.000Z,1105259265856557057,1105259265856557057,14216661,en,"{'retweet_count': 0, 'reply_count': 16, 'like_count': 4, 'quote_count': 3}",Echobox,everyone,First Nations elder says sacred medicine pouch was ‘desecrated’ when airport security forced her to open it https://t.co/SfWC54rGhu https://t.co/l8gemOP8p7,,
166,2019-03-08T00:51:19.000Z,1103820457340489729,1103820457340489729,14216661,en,"{'retweet_count': 9, 'reply_count': 6, 'like_count': 13, 'quote_count': 1}",Echobox,everyone,Here’s why seniors are turning to marijuana. https://t.co/xJVjYX7usC https://t.co/n7guYpaJ5G,,
167,2019-02-13T15:01:47.000Z,1095699562080145413,1095699562080145413,14216661,en,"{'retweet_count': 15, 'reply_count': 4, 'like_count': 46, 'quote_count': 3}",Echobox,everyone,A caller tried to scam a 90-year-old man. The elderly ex-FBI and CIA director orchestrated a reverse sting https://t.co/WezjowfwfC https://t.co/OJFOw5Pti6,,
168,2019-01-21T17:08:33.000Z,1087396543844544512,1087396543844544512,14216661,en,"{'retweet_count': 5, 'reply_count': 7, 'like_count': 4, 'quote_count': 3}",Echobox,everyone,Silver pot: Marijuana use is growing among seniors. Is that good or bad? https://t.co/CylgRm0sCE https://t.co/8tztkMHbly,,
169,2019-01-21T14:55:49.000Z,1087363140134809601,1087363140134809601,14216661,en,"{'retweet_count': 3, 'reply_count': 20, 'like_count': 7, 'quote_count': 4}",Echobox,everyone,The teen in the MAGA hat and the elderly Native American: Duelling accounts at DC protest https://t.co/HusqnKTzHY https://t.co/x7E6VvEd3m,,
170,2019-01-21T13:58:14.000Z,1087348649842130944,1087348649842130944,14216661,en,"{'retweet_count': 0, 'reply_count': 18, 'like_count': 0, 'quote_count': 2}",Echobox,everyone,The teen in the MAGA hat and the elderly Native American: Duelling accounts at DC protest https://t.co/uNjXo5KlMR https://t.co/3qEhjKqsSb,,
171,2019-01-04T16:10:20.000Z,1081221301195427842,1081221301195427842,14216661,en,"{'retweet_count': 0, 'reply_count': 0, 'like_count': 0, 'quote_count': 0}",Echobox,everyone,"Tax tips to kickstart 2019 for every age group, from teens to seniors https://t.co/2C90jxk2k0 https://t.co/fELyV8CWWL",,
172,2018-12-27T15:13:10.000Z,1078307811690536960,1078307811690536960,14216661,en,"{'retweet_count': 1, 'reply_count': 0, 'like_count': 1, 'quote_count': 0}",Echobox,everyone,Two seniors drown when their golf cart is rammed and they’re thrown into river on Thai course https://t.co/C4wGglN8BP https://t.co/re02IoovtT,,
173,2018-12-20T12:03:05.000Z,1075723258530545667,1075723258530545667,14216661,en,"{'retweet_count': 0, 'reply_count': 1, 'like_count': 1, 'quote_count': 0}",Echobox,everyone,What retirees need to know if they plan to defer Old Age Security benefits until 70 https://t.co/6TOpIO2t0l #CanadaPensionPlan #OldAgeSecurity https://t.co/7msS6pxOTi,,
174,2018-12-19T14:59:27.000Z,1075405254160777218,1075405254160777218,14216661,en,"{'retweet_count': 5, 'reply_count': 2, 'like_count': 10, 'quote_count': 0}",Echobox,everyone,Elderly man died in October — but bought 14 years of Christmas presents for his neighbours' daughter https://t.co/alEiWC6QAs https://t.co/bjE2ROtA3h,,
175,2018-11-27T22:47:32.000Z,1067550519806361602,1067550519806361602,14216661,en,"{'retweet_count': 1, 'reply_count': 1, 'like_count': 1, 'quote_count': 1}",Echobox,everyone,Christie Blatchford: B.C. lawyer wins fight to have Indigenous elder on panel hearing complaint against him https://t.co/90ttp5BmQO https://t.co/y11w8hIKfz,,
176,2018-11-05T18:33:32.000Z,1059514066639687680,1059514066639687680,14216661,en,"{'retweet_count': 11, 'reply_count': 8, 'like_count': 14, 'quote_count': 4}",Echobox,everyone,"Amid labour crunch, fast food restaurants recruit senior citizens to replace teenage workers https://t.co/DoGQszPomc https://t.co/YNtNN9Rrnz",,
177,2018-10-12T01:22:27.000Z,1050557276715720705,1050557276715720705,14216661,en,"{'retweet_count': 4, 'reply_count': 0, 'like_count': 5, 'quote_count': 1}",Echobox,everyone,A neurological researcher stole $87K from universities. His punishment is to play piano for elderly people https://t.co/pnD1QoWMN8 https://t.co/sNoUFBEbkN,,
178,2018-10-01T21:43:58.000Z,1046878415037575169,1046878415037575169,14216661,en,"{'retweet_count': 1, 'reply_count': 3, 'like_count': 2, 'quote_count': 1}",Echobox,everyone,From @TheGrowthOp: Will legal weed lure straight-laced seniors?  https://t.co/iM5VRxMpES https://t.co/l4rgKlEkxa,,
179,2018-09-26T21:34:00.000Z,1045063965875851264,1045063965875851264,14216661,en,"{'retweet_count': 5, 'reply_count': 0, 'like_count': 8, 'quote_count': 0}",Twitter Media Studio,everyone,#ICYMI: Volunteers in Ottawa step in to help hundreds of elderly residents without food after storm https://t.co/fUj7TlORqd,,
180,2018-09-26T03:59:08.000Z,1044798499991310336,1044798499991310336,14216661,en,"{'retweet_count': 3, 'reply_count': 1, 'like_count': 5, 'quote_count': 0}",Echobox,everyone,Elderly man rescued after spending five days trapped in fire-damaged senior complex https://t.co/6b75dayci5 https://t.co/NRKbl5UkDz,,
181,2018-09-07T20:44:02.000Z,1038166022472327168,1038166022472327168,14216661,en,"{'retweet_count': 3, 'reply_count': 0, 'like_count': 2, 'quote_count': 0}",Echobox,everyone,.@drivingdotca’s David Booth: “Waymo’s self-driving cars follow the rules so strictly it’s infuriating”: https://t.co/cHoaNhKR5T https://t.co/xiq4nzaY9t,,
182,2018-09-04T14:53:14.000Z,1036990575004676096,1036990575004676096,14216661,en,"{'retweet_count': 2, 'reply_count': 1, 'like_count': 0, 'quote_count': 0}",Echobox,everyone,"You’re not deathly ill, just getting on in age. Is suicide by older adults ever a rational choice? https://t.co/vq8fCL7Z4C https://t.co/rCFcByFRPN",,
183,2018-08-13T21:40:11.000Z,1029120457881149440,1029120457881149440,14216661,en,"{'retweet_count': 4, 'reply_count': 4, 'like_count': 2, 'quote_count': 1}",Echobox,everyone,Trudeau says Liberals have no plans to bring back long-gun registry after Fredericton shooting https://t.co/f7j5ioY4sv https://t.co/DaVOtpkl2a,,
184,2018-08-08T04:10:03.000Z,1027044240747102208,1027044240747102208,14216661,en,"{'retweet_count': 32, 'reply_count': 3, 'like_count': 64, 'quote_count': 9}",Echobox,everyone,#ICYMI - Two elderly men went missing. They were found rocking out at the world's biggest heavy metal festival https://t.co/nQxJjM7Wdq https://t.co/YaSkS8r1tf,,
185,2018-08-07T17:43:39.000Z,1026886603745230848,1026886603745230848,14216661,en,"{'retweet_count': 30, 'reply_count': 3, 'like_count': 66, 'quote_count': 6}",Echobox,everyone,Two elderly men went missing. They were found rocking out at the world's biggest heavy metal festival https://t.co/hsjZwNpM9I https://t.co/RA8n1xQiPk,,
186,2018-08-03T15:24:44.000Z,1025402094055038977,1025402094055038977,14216661,en,"{'retweet_count': 4, 'reply_count': 3, 'like_count': 4, 'quote_count': 0}",Echobox,everyone,German court throws out appeal for elderly neo-Nazi who repeatedly said Auschwitz was just a work camp https://t.co/2MrZerKcPU https://t.co/dFneHVjVI7,,
187,2018-07-24T21:37:43.000Z,1021872078700654595,1021872078700654595,14216661,en,"{'retweet_count': 4, 'reply_count': 0, 'like_count': 2, 'quote_count': 0}",Echobox,everyone,"In emergencies, the elderly die. Here's how we can start to change that https://t.co/69Ogk53nv5 https://t.co/rQq1h7GwN3",,
188,2018-07-09T22:41:54.000Z,1016452413564309508,1016452413564309508,14216661,en,"{'retweet_count': 0, 'reply_count': 0, 'like_count': 2, 'quote_count': 0}",Echobox,everyone,Grey Matters: Honouring your life with a memorial service https://t.co/KTLk3oXIKc https://t.co/IeusLwjOw0,,
189,2018-07-04T18:49:18.000Z,1014581937086849024,1014581937086849024,14216661,en,"{'retweet_count': 6, 'reply_count': 2, 'like_count': 5, 'quote_count': 3}",Echobox,everyone,"John Ivison: Who's more vulnerable than our venerable seniors? In fact, just about everyone https://t.co/UNKtLa7f0k https://t.co/AJ7OVwbahk",,
190,2018-07-03T22:41:21.000Z,1014277945865711616,1014277945865711616,14216661,en,"{'retweet_count': 3, 'reply_count': 1, 'like_count': 6, 'quote_count': 0}",Echobox,everyone,Grey Matters: When it comes to medication - less is more https://t.co/muegfb17wL https://t.co/bX6EH6WTqp,,
191,2018-06-19T01:16:26.000Z,1008881157839220736,1008881157839220736,14216661,en,"{'retweet_count': 0, 'reply_count': 3, 'like_count': 5, 'quote_count': 1}",Echobox,everyone,Grey Matters: Shielding ourselves from the realities of death https://t.co/QTLvga2yHq https://t.co/dOCqJFNHge,,
192,2018-06-14T17:16:24.000Z,1007310801408012288,1007310801408012288,14216661,en,"{'retweet_count': 7, 'reply_count': 1, 'like_count': 7, 'quote_count': 3}",Echobox,everyone,"Stan Lee files restraining order against shady business manager, as LA police continue investigation into elder abuse https://t.co/OTAk7ntNqD via @nparts https://t.co/EhSuP8e0Ct",,
193,2018-06-12T02:54:51.000Z,1006369208236683264,1006369208236683264,14216661,en,"{'retweet_count': 0, 'reply_count': 0, 'like_count': 0, 'quote_count': 0}",Echobox,everyone,Grey Matters: Strategic retirement planning more challenging as we age https://t.co/aOmZuFE6QP https://t.co/EUAIUcqQbf,,
194,2018-06-05T06:20:59.000Z,1003884370934026240,1003884370934026240,14216661,en,"{'retweet_count': 1, 'reply_count': 1, 'like_count': 2, 'quote_count': 0}",Echobox,everyone,Grey Matters: Caregivers deserve better https://t.co/pyGWQTm6je https://t.co/iPq5H4FwBH,,
195,2018-06-04T18:29:21.000Z,1003705279958192129,1003705279958192129,14216661,en,"{'retweet_count': 1, 'reply_count': 1, 'like_count': 1, 'quote_count': 0}",Echobox,everyone,Inside the CPP Investment Board: Why CPPIB is working with China to help it tackle it's aging population problem https://t.co/WKqj8yrKCR https://t.co/lZ4yP4rUii,,
196,2018-05-23T23:40:59.000Z,999435052076470273,999435052076470273,14216661,en,"{'retweet_count': 4, 'reply_count': 2, 'like_count': 1, 'quote_count': 1}",Echobox,everyone,What today's savers can learn from today's seniors about retirement planning https://t.co/OdxEbtFIZa https://t.co/3S65NaEWGo,,
197,2018-05-14T21:37:23.000Z,996142454322683907,996142454322683907,14216661,en,"{'retweet_count': 3, 'reply_count': 2, 'like_count': 2, 'quote_count': 4}",Echobox,everyone,"Owning $4 million house in Vancouver no blessing as seniors face $2,000 a year more in taxes https://t.co/Kx2DH1lwi4 https://t.co/BAgj8uzi7A",,
198,2018-05-14T16:13:55.000Z,996061052428341248,996061052428341248,14216661,en,"{'retweet_count': 6, 'reply_count': 7, 'like_count': 6, 'quote_count': 2}",Echobox,everyone,A looming housing affordability crisis is poised to hit seniors across Canada https://t.co/fDEihh5J2n https://t.co/xTsWj1UHGU,,
199,2018-05-14T11:43:43.000Z,995993056561246208,995993056561246208,14216661,en,"{'retweet_count': 6, 'reply_count': 3, 'like_count': 2, 'quote_count': 1}",Echobox,everyone,"Housing crisis to hit Canadian seniors, as retirement homes fail to keep up with demand https://t.co/kTpioOlRnx https://t.co/66dYag2Sjb",,
200,2018-05-14T04:21:55.000Z,995881873854402560,995881873854402560,14216661,en,"{'retweet_count': 8, 'reply_count': 0, 'like_count': 2, 'quote_count': 2}",Echobox,everyone,"#ICYMI - Housing crisis to hit Canadian seniors, as retirement homes fail to keep up with demand https://t.co/3dRi68gGwI https://t.co/gesP8rscFI",,
201,2018-05-13T22:08:08.000Z,995787806969561088,995787806969561088,14216661,en,"{'retweet_count': 13, 'reply_count': 5, 'like_count': 8, 'quote_count': 2}",Echobox,everyone,"Housing crisis to hit Canadian seniors, as retirement homes fail to keep up with demand https://t.co/blwMeYw17u https://t.co/6Mjb6PppnI",,
202,2018-05-02T21:45:05.000Z,991795739876581377,991795739876581377,14216661,en,"{'retweet_count': 10, 'reply_count': 1, 'like_count': 23, 'quote_count': 5}",Echobox,everyone,He was one of millions of Chinese seniors growing old alone. So he put himself up for adoption https://t.co/UtelNpCexn https://t.co/29Rd6NrSf0,,
203,2018-04-26T17:14:52.000Z,989553407752114178,989553407752114178,14216661,en,"{'retweet_count': 0, 'reply_count': 0, 'like_count': 1, 'quote_count': 1}",Echobox,everyone,An 83-year-old convicted killer who walked away from a B.C. prison is back in custody https://t.co/coKAVHKAYw https://t.co/kxaFIujaQf,,
204,2018-04-17T02:53:09.000Z,986075062087356419,986075062087356419,14216661,en,"{'retweet_count': 9, 'reply_count': 1, 'like_count': 6, 'quote_count': 1}",Echobox,everyone,"Grey Matters: Alternative therapy can be deadly, says study https://t.co/s8aCaFL0ol https://t.co/LBylw36qXc",,
205,2018-04-11T20:58:23.000Z,984173841328033792,984173841328033792,14216661,en,"{'retweet_count': 11, 'reply_count': 0, 'like_count': 12, 'quote_count': 2}",Echobox,everyone,'An utter s--t show': Stan Lee's daughter and other associates are accused of grotesque elder abuse against the Marvel legend https://t.co/JWVOAYd0zH https://t.co/G8a0w0Bd8p,,
206,2018-04-10T01:12:44.000Z,983513073813262336,983513073813262336,14216661,en,"{'retweet_count': 2, 'reply_count': 7, 'like_count': 8, 'quote_count': 1}",Echobox,everyone,Grey Matters: Be wary of buying into some homeopathic claims https://t.co/e06N26t66x https://t.co/aVCTdj5pNN,,
207,2018-03-27T21:48:48.000Z,978750711616954368,978750711616954368,14216661,en,"{'retweet_count': 0, 'reply_count': 0, 'like_count': 0, 'quote_count': 0}",Echobox,everyone,Grey Matters: Strategies to help you win with financial institutions https://t.co/mV18kreNvM https://t.co/C1jZZLJA5w,,
208,2018-01-26T14:17:32.000Z,956893875985149952,956893875985149952,14216661,en,"{'retweet_count': 3, 'reply_count': 1, 'like_count': 2, 'quote_count': 0}",TweetDeck,everyone,"A church elder's Ashley Madison affairs led him to the 'dark web' — and murder, police say https://t.co/tAEDFBjMJp https://t.co/4ZOTmCCvzk",,
209,2018-01-22T13:09:04.000Z,955427093474697222,955427093474697222,14216661,en,"{'retweet_count': 1, 'reply_count': 0, 'like_count': 4, 'quote_count': 0}",TweetDeck,everyone,Do economic expansions die of old age? Or does something (NAFTA failure) kill them? The upcoming week in economics https://t.co/PDYrJLxZn4 https://t.co/ZpFTKP4KAs,,
210,2018-01-05T14:21:30.000Z,949284727890022400,949284727890022400,14216661,en,"{'retweet_count': 8, 'reply_count': 5, 'like_count': 13, 'quote_count': 3}",TweetDeck,everyone,"Elderly Ontario couple dies in the cold; After Grant had a heart attack outside, Ada went to find him https://t.co/IlnbICI1Fl https://t.co/haKGbMD0Cq",,
